ID,PRED
7213,0.6992965405906858
7221,0.6371373837330767
4638,0.44845004277204337
2710,0.8385951822638661
8162,0.4712466215037699
4111,0.35218287092895034
6558,0.6440366847147253
7673,0.45676070118286094
9783,0.5680797509280798
9371,0.3762254456930912
1995,0.551621326417981
197,0.9313892675769069
8682,0.4024649646770349
4795,0.4439989070984858
3377,0.36410527913756874
9541,0.5283101805849576
10293,0.5583306127300224
4339,0.2826483243966256
2103,0.9520937501941648
1601,0.9137190204263826
7476,0.5640407512596332
1932,0.6199637112270456
1198,0.9014408732244951
8755,0.318807168556926
8267,0.5104011536185066
9832,0.34776407038138313
4418,0.6412817852116254
7145,0.6629529136649931
7798,0.3181890191510328
5618,0.48703509322555766
8220,0.6350255767777141
1191,0.9007610995782828
1986,0.9294758299717484
97,0.9582491321184085
7102,0.5944252646825186
10747,0.4768669233205866
5824,0.4796824440910079
10206,0.6037173101704284
9334,0.4738564231543689
631,0.9585053503857793
976,0.8897022204085964
7638,0.39149034399001975
649,0.4113245962595122
7700,0.5230623743635047
7359,0.5451753290260669
363,0.9174365461995361
6747,0.5134473248105851
6016,0.6887127838929435
8330,0.5119277424695188
6624,0.6359311215478827
8848,0.4614498411993741
6712,0.6021231290546988
1199,0.8536805101511746
6713,0.5268977164577772
2488,0.7866421058840614
1843,0.9511796396071539
3860,0.3955578478755028
1033,0.9031338793311904
4547,0.6113173467195806
8292,0.5753649037668076
205,0.9609942206776981
6276,0.5055410396127715
5057,0.3056591497606323
4457,0.3361035687263662
2083,0.9233455494125331
8046,0.6559777299203302
4274,0.4867931867028201
4895,0.38866138084850754
1441,0.8992251022163095
10288,0.32707387450150516
3216,0.6588239778408775
5975,0.29522329739649417
9559,0.40153081189819334
10438,0.23132822736669886
5621,0.6029846368955142
15,0.9506360951841526
8310,0.7500559692235222
3898,0.6370105798338739
5032,0.631220850339372
2355,0.95602565214259
1739,0.9411972502993714
5426,0.30127519070296965
3398,0.3217008045342268
7347,0.5816582362216342
10846,0.5354505059163843
3273,0.4224697679352721
4677,0.4758196690806431
3582,0.5886967997823692
7132,0.523170581703617
2897,0.9599729730847416
4601,0.5616300938220012
6199,0.5758510021328537
4267,0.3550222742458598
2286,0.9696257998720587
144,0.9351492306280352
5162,0.44717842193480734
7325,0.5432730592754932
5950,0.21170940409064945
6588,0.47728058676984325
856,0.9564769191774856
4940,0.37433965034852384
1111,0.9053384601455289
5805,0.4446171975078131
2190,0.9078148782718883
2830,0.9594801551786784
2209,0.924400018666194
719,0.9231034440387048
10759,0.574905628846481
5860,0.4849012774654136
4215,0.32129764016613843
316,0.9444608808138019
6,0.8731365861228458
2655,0.9307519900301141
6303,0.40635941776523976
4898,0.3829860986955687
5578,0.5041380227711612
2909,0.9640142491074609
3805,0.5818404898732766
6230,0.5082756530287885
6902,0.6238008486021
7877,0.48649502223784724
105,0.5557254680605845
10617,0.39224047844132864
10667,0.45911326612071335
6698,0.4631594923703162
10142,0.7302618095244744
651,0.9001615858269243
1917,0.9239003263794054
1436,0.5994814688846503
4773,0.4546038530836742
890,0.9158469304950896
798,0.9085044595194598
8591,0.3658468204076527
3318,0.5897380621056536
4502,0.33782462543441866
3604,0.6850219486712521
8871,0.7106743997833018
2226,0.9518733652869303
1578,0.906579149732878
6718,0.3377116011269226
8510,0.23291007577958125
3123,0.906440961488027
9346,0.5726079268123675
1516,0.8869218830863085
3020,0.9047363815245257
7434,0.5109960361373662
10758,0.5696081670654177
9289,0.5916250591658688
9203,0.44019891834657016
2811,0.6563249410671822
624,0.9481642273277897
8476,0.28176277645360154
9750,0.6198411467014273
5100,0.4585633735663389
7733,0.5218981085786073
2307,0.9334637374308732
6876,0.5456915316156837
4693,0.2674207853487242
3369,0.5382893087616442
8172,0.5571533923403016
2519,0.6931982262723971
7486,0.7197281006331746
2341,0.8698634796517427
6949,0.4178785352306057
8373,0.2513398944879014
2841,0.949134070561843
8337,0.4112475534055229
7291,0.44029436341966266
9855,0.32477911660923275
1414,0.8312716253412272
10000,0.3164332265922496
9795,0.3948552018715184
659,0.952480599782693
4657,0.5071980141952847
6000,0.6066692272323173
4877,0.4837283054206519
2000,0.9053859706561872
1738,0.970444131627245
2383,0.687132831978332
8314,0.37781017522895405
3621,0.7253337914373439
5425,0.3535518484723827
9045,0.34547846037838337
7450,0.5004892955705695
8714,0.34452766992519396
797,0.9110555877894561
5394,0.36178254071186977
4044,0.6890000951669701
9673,0.5974906340927151
5979,0.3321663894061301
19,0.9313717742423986
1223,0.9359152678289446
10246,0.530527040213733
8325,0.539347242137722
7249,0.5421384335839576
6884,0.5196435401292329
1291,0.42670386489277096
10761,0.7093869096677907
3383,0.3526081114140136
7549,0.4505207421496212
5230,0.2790260630134395
9483,0.5115861353582525
1979,0.9450477584713258
6594,0.712935920206407
46,0.6719019870339625
4744,0.5934668687041315
8592,0.4312718395235191
7049,0.2932272373953189
6779,0.488257398957771
1844,0.8976038158774804
1890,0.8921504506729466
9623,0.43016827314398465
5210,0.413105721562263
7766,0.6661134084129747
3711,0.32843733822012694
5006,0.520796123657183
6933,0.25607872762061606
1603,0.8984512834126155
8895,0.5207123008963286
2515,0.7914060291382599
1981,0.9620373629446083
8865,0.40083098585847904
3676,0.48548717340153635
4120,0.35411556716972
6928,0.6667038067731866
1764,0.7434319911673579
1032,0.9421827860796168
4182,0.7067333645607504
9933,0.5120418265956479
8233,0.5334125566977153
6300,0.6356471626212363
10357,0.540954145319232
2247,0.945227956239741
4541,0.21181442474347284
10441,0.6105976762856425
8840,0.6572420408072996
6344,0.2714861551731818
7330,0.3484873351385609
5767,0.48027681977076503
9105,0.7351848998625133
809,0.9348861580025769
9598,0.5237067147549953
2780,0.91242947336613
6875,0.7163453126736644
3118,0.947287330694925
8380,0.4908332273970924
1461,0.9089640550468596
10506,0.4127431578520362
8838,0.5891646480195168
2821,0.9389807733841078
1829,0.9333102574544808
10905,0.4332715738951871
10648,0.4007187970557563
6359,0.38944928868532963
7910,0.39703061518512306
9411,0.6715506604228132
4791,0.3636311037878163
10309,0.5545477926068868
4803,0.6704040208660997
312,0.9556329984301917
6725,0.32115618063314094
7667,0.5408578477107078
10346,0.4088073115559377
829,0.8951988232234969
1972,0.8982396875866105
9110,0.4549630188109766
9215,0.2824922565773948
2826,0.9411987690901323
8453,0.5483236936564091
3730,0.5264283549479287
5110,0.4388865592269434
5268,0.4170884665056321
9531,0.2661552686823426
10325,0.42789725790569344
5510,0.5924874580759145
6736,0.17088527067593734
4785,0.440115529481447
1966,0.9372424931998407
6463,0.2790280868296537
8471,0.58807068380243
3697,0.500280785340517
10233,0.5408553202831449
7719,0.572436081640132
741,0.9505817521188561
7021,0.4441638921619863
10552,0.5673201008920095
9247,0.42791777002783443
1850,0.9563306491136828
3588,0.42232852087528167
8892,0.544733660904542
10227,0.38622424559800494
4479,0.5845084901503192
8044,0.67469720860921
847,0.8495286302227505
973,0.9267967668815783
3480,0.4456675207643448
7635,0.28395791098873574
4277,0.3392740235178746
3311,0.2964451932934555
1041,0.9578323380598533
3852,0.6487331714687175
10832,0.3707351304497214
10894,0.3258709453237167
9342,0.27750327489617355
5622,0.36907225247730596
6275,0.40523984566406224
9402,0.6361472424156868
7020,0.3631728761406199
1102,0.9256418974989707
8461,0.6312948141933582
5939,0.4798342170870347
8024,0.42827382987448204
8529,0.4509230736692504
9090,0.3837625457722056
10307,0.35845352823668003
4512,0.5153611762815076
1485,0.9495009448958063
752,0.759374527832151
3502,0.5264262583431208
7930,0.3359893755902883
6076,0.37862741761025953
7739,0.654300187429285
8120,0.5671973752779302
5253,0.3797531727685159
7585,0.3529115788055825
7697,0.1987191290345411
7654,0.31195431836247606
9199,0.47138031694546534
3463,0.5628508824843826
6236,0.570722976716713
9464,0.2994431654725762
9424,0.654364323198305
2081,0.9395848542626204
8845,0.39815949538438267
3609,0.3789267648414826
7707,0.4882603167743744
3536,0.31222215994046587
4361,0.37809195223006337
6590,0.6317179392694385
8448,0.5710734634055364
1255,0.8045332298278982
5172,0.32832739678659795
8737,0.5477025026220187
7705,0.4359031419779208
6118,0.4017444919812769
1028,0.9246073103854575
3701,0.269180957081765
7370,0.5208753804339109
5896,0.4868937332079176
3534,0.4438166279475501
6867,0.425347448389886
7921,0.6174513732713843
3294,0.48035604893840217
3239,0.3317804941345382
8663,0.4418821014030271
10058,0.28092106268242056
2511,0.9266729348987455
9669,0.38085778488071526
358,0.9314835033902342
4314,0.45961758735824737
10740,0.6928230051004011
2486,0.9038294425679819
7547,0.5227986297937998
7178,0.681185212465921
1758,0.905428595598086
3600,0.46006939350040416
6014,0.6237881978600218
6169,0.4759611332675453
10887,0.35068801883732187
1666,0.8694780347686634
2943,0.9564245273034753
8567,0.30222345259299843
2076,0.9482541521491491
1817,0.8999464205152008
3732,0.6510774363964626
5502,0.6188588862476163
8931,0.6027388278584289
4146,0.6994284623616108
9182,0.5760987530211503
7054,0.6199448953071605
5458,0.6134063552036549
7353,0.25169292598391235
682,0.9298464026766987
9357,0.6402243386766916
4326,0.6813059086412288
8025,0.5877656622269057
1294,0.8939511626342342
9609,0.5616110814838131
10824,0.6311726417889518
5751,0.34217511431134884
1460,0.9490723942398284
5550,0.6451758462282922
2508,0.9278850920990589
1077,0.8046929257863032
546,0.9428967197915311
6258,0.4165942978772932
4419,0.4505259226058138
9408,0.710666476565508
9291,0.579239892423168
4490,0.5428288611406517
7664,0.578946569731195
514,0.7336587690011875
1865,0.8991302732666139
6452,0.2731009164400393
1632,0.833128321793977
6273,0.6232309470356204
5738,0.38976673119056854
600,0.5587373662325348
9360,0.6885248724228805
4765,0.5768865747439295
9016,0.6423413977652493
1160,0.9460552864807826
1455,0.9052701021539341
7245,0.2001038635822698
6513,0.3760571118562257
1760,0.5297798948837187
5438,0.6050417927494554
4680,0.6304367419882533
2782,0.9323182727024547
691,0.9559091895894546
5068,0.6282984244756571
4088,0.6920882772646856
565,0.9368124567085111
10511,0.48426273022173644
2044,0.9127938265052051
10499,0.5015151662227124
9749,0.37172480566086763
10534,0.5318694157266431
7287,0.32945662199869735
3478,0.4152561410333819
7562,0.41247507438931635
2041,0.9443005075627231
10609,0.6215390924828128
8731,0.41654194734100425
6719,0.49603775891290114
8539,0.6653912440564304
6067,0.37374622983488226
4739,0.7136864955792502
10945,0.5250462258093426
5505,0.6356923817718786
5275,0.4817670723871298
1440,0.8530535700271605
7129,0.45068466947264707
1718,0.9637583082780814
8756,0.6337400210614634
6661,0.49932714919739385
2594,0.951903516763025
5899,0.513899297243875
7970,0.267380421592462
7154,0.7020491528849395
188,0.5840121731162304
1500,0.5111556883656617
3726,0.21263118275025433
10643,0.28302931310537616
4245,0.4516212810395876
4544,0.5151535674099079
6170,0.5328419651172328
10751,0.5857669625769849
9687,0.6450302256930931
10439,0.21059249146429143
5799,0.3163426300790223
1968,0.8307011298839594
3843,0.4588541383465818
3200,0.5868446374262403
7037,0.4144499312964148
6231,0.5466403666984093
4285,0.4021142905801993
10776,0.6201012136152724
1861,0.6734088931206067
7513,0.5341116494489038
2125,0.9027570891145545
3896,0.5692288229737009
9194,0.5953059683344356
10913,0.539627804640406
9845,0.3884401943837276
4864,0.506184227136024
9367,0.3689686566310887
8402,0.3280972931114353
4829,0.48685834822074076
3873,0.4159515047599227
10680,0.5035132912889686
4455,0.6135542719192362
9630,0.506587028027781
482,0.9145200720036002
2851,0.9068002335019439
2297,0.9000461411697246
10174,0.4559163325843859
8864,0.441644748391385
10276,0.5844585768945288
730,0.6906294251671466
1652,0.9364585488560663
7259,0.36775234959573677
3522,0.6570818302015831
10356,0.5436856650534452
9403,0.44310451760654906
4278,0.446763591662075
4523,0.42246521502147383
517,0.907123025214729
1545,0.9603867428324901
2189,0.6944632571214484
5453,0.4104400876190169
10639,0.40103479302010653
3914,0.5711940270928897
2968,0.8678194741429255
5073,0.5897198907369895
5082,0.25460476118568376
872,0.920191049044328
9883,0.4550269838324144
257,0.9146180648416965
3591,0.2838541708673661
402,0.9457555981269624
5494,0.41497893656598833
1700,0.8804589067778947
356,0.8765550484521901
7163,0.6189412352556899
9781,0.31229024619870316
1915,0.8763077089724577
6226,0.6883132625590942
3966,0.2325037637482331
9824,0.4558376577358704
8444,0.40467165090021096
5680,0.38470287271276193
7704,0.597272302244151
1282,0.8129112592174391
6354,0.3846364311442954
841,0.7159839426243653
6632,0.4838025295471238
8039,0.3414257511901816
2571,0.9417124932882651
2389,0.9522025231925506
9872,0.6747439751557462
5222,0.708544818322559
6426,0.6773004718960398
1571,0.6987703513381229
6550,0.4085468573436646
109,0.9329644676665011
5112,0.5638674102710743
2496,0.8078992339695118
8008,0.5578828924959093
10652,0.433023201521938
5762,0.6630747635017594
1346,0.3909974529170684
56,0.9252971032449326
2333,0.8812399799272775
6382,0.5824781468428926
7693,0.3909246713115432
464,0.873357087489778
8795,0.4599421737711217
2424,0.9399588440011357
1524,0.5700376696540909
6441,0.5440707619492133
5707,0.35447642828843007
8852,0.30936580270424713
851,0.566989668027553
3747,0.48716785368870485
8889,0.7594217793339055
4050,0.46221153397480624
879,0.7255134326088604
8145,0.30113394953426026
8979,0.5099670653416828
4571,0.4729155755028781
364,0.9325524401100126
3962,0.5117838189928401
1646,0.8150010272889947
3916,0.5832177311180672
74,0.8917271829248475
4059,0.4145131715963825
10115,0.7244443255984788
5489,0.31748627167865584
2708,0.9430541327412827
1277,0.937446776818835
5252,0.7163125233223451
7306,0.21102683940580885
3838,0.41863970891970265
5953,0.5012047008357076
10589,0.28654485536821067
225,0.9142334573941348
2056,0.883901617932623
774,0.9572615213037173
3973,0.5635527639205462
6948,0.2899044132966481
8788,0.43856364510241713
353,0.8819590877635379
6334,0.4218566682104485
10628,0.6440695639446187
1120,0.9426359667807996
10496,0.5127131017430773
3804,0.5730474210262086
3140,0.28508341315101443
10057,0.5594801773910563
10568,0.6034561912498739
6158,0.4298524260651799
1040,0.9384537212774428
10495,0.6193614461007344
9634,0.820347107098066
7093,0.30746079931203046
8740,0.349388234205649
9833,0.308854649379921
6992,0.6912889624674095
9498,0.48059659934315707
5217,0.38175142734166434
8564,0.7345986564833671
383,0.8970020669289451
8707,0.34190698410468573
739,0.6856880471736839
783,0.9330728246320418
2520,0.9230229418056707
6042,0.6360231562414949
6562,0.7439540851502977
1140,0.9257353241665074
6877,0.5524192635366991
5179,0.45494889087139445
6293,0.520953829528622
8873,0.5400832915662038
796,0.9503756124233488
5180,0.5426703710845334
2039,0.9282887524833322
3137,0.34286820102602084
10836,0.5446429845916781
6519,0.5492928564765635
9236,0.2878476898186064
2587,0.6585437504223939
5667,0.2779349891544157
3817,0.5799773176447951
3206,0.3080484235954782
8799,0.5081271728268263
9557,0.2850239644976033
5559,0.32419104366521967
9343,0.4444461440673068
8536,0.580811519701893
7299,0.3253887672054334
10144,0.45666399769143734
5374,0.590812272843351
7423,0.6916377089090336
5488,0.35954007916244285
4270,0.32796911858665234
4893,0.2762554432048091
10312,0.5250988463185821
8599,0.7004844046340384
6368,0.3981290866224425
10269,0.3672061287231162
1117,0.8943160094055645
7414,0.5981984808603725
10878,0.548460278838387
580,0.9205474412222056
592,0.9212819458405389
812,0.9334422043147381
9675,0.45497564845718264
1528,0.8947021956094217
4025,0.6353167851629983
3743,0.3851949779601318
1214,0.8253298753525716
6860,0.7539849693258723
7211,0.76674954614155
7712,0.7394410914122317
7099,0.4046201568775547
7008,0.519675351958496
8232,0.3900226695874317
10169,0.4626403040572251
6155,0.5162536777049673
5811,0.24306787722313028
2011,0.8933824857294081
6465,0.2622522707892311
6039,0.676730867270288
3099,0.936790697615321
2233,0.9504223033195293
10551,0.4503666957686812
7294,0.3774803470202316
8437,0.4793748983708865
9602,0.6130953335900331
2379,0.8154778940198762
6646,0.2936742454331663
2602,0.895800911683178
6445,0.48769808859397656
2138,0.3727098276515576
1272,0.551025078051568
10332,0.3368794908352462
9761,0.467171094125595
9983,0.5123749170814123
4887,0.582984261429253
9046,0.4606656422397154
1343,0.6155537583163154
6329,0.5767601739091847
4132,0.31664988179934495
6687,0.4186799022146128
3195,0.4299957403496379
4772,0.3041876388844317
1997,0.8630442097453827
7207,0.44987936407560736
10725,0.48966246074087355
3748,0.6459708554967523
7148,0.7180701708099159
2043,0.9293491615590392
3943,0.31666558944147116
8787,0.6072438032015887
10359,0.3735424840524305
3616,0.4675309702882548
6270,0.5718326443370484
7120,0.565269286221709
3760,0.43181647794014416
7591,0.5028713406250545
6530,0.6349138661886677
10614,0.38971546064285295
10102,0.5312893989995396
5743,0.5858916337632029
8006,0.5968705829672499
2667,0.9442468656787396
9258,0.30909501805359907
2003,0.8991904302996492
4388,0.5514571917913271
9936,0.7222741038856064
1252,0.5780178504817199
9294,0.44916960825490404
3225,0.5942927670565055
6958,0.34016196692872236
7880,0.6522678214394063
8658,0.4716396183732355
6565,0.4685976629788514
7830,0.5373571144799688
10829,0.5557856162168662
6722,0.6073845618836717
8033,0.49229519287524415
769,0.5778972373316043
583,0.9659438474967583
6497,0.6406788470418966
7428,0.33484607323111537
1642,0.9097736958095225
6271,0.6033918141801736
4102,0.6939286832726901
2996,0.9074253390199417
4092,0.6897937258939565
2250,0.9050410942011632
1502,0.9315807567976426
415,0.8920709363296575
7173,0.4842088027185211
3875,0.4417189395585529
2169,0.6348016612596583
3765,0.5533390968311614
1096,0.9140303403708409
9281,0.3517192375519709
7398,0.5606956619945135
9748,0.574848476425355
10177,0.6042808851180255
4771,0.316781527112591
8747,0.6300132586226992
4272,0.5528893563020368
8096,0.3064927555587538
1189,0.9326200372208384
6052,0.6173229650106987
6091,0.4310744568156658
5936,0.4354022524183783
2598,0.9181772624407877
2673,0.8853456560710591
2547,0.8616877223115814
7913,0.5330130448614754
10952,0.41383211866201625
1153,0.890692967942707
9827,0.4933392914684804
7978,0.27714544950271924
3987,0.6187875001250286
5263,0.6027223416623168
7878,0.25680406811392675
9708,0.6638407138010028
3829,0.7825562789104005
5914,0.6011266200042285
4115,0.36657498243061165
6357,0.43266145272296
1238,0.7185101971988996
6446,0.48761107633202033
9250,0.3517869481525737
1404,0.8648338091730607
2155,0.939654525038878
2063,0.9368297051957553
1513,0.9454099887798262
9953,0.4343194428906041
6149,0.4562070267040852
9770,0.5441897277216661
10588,0.6307360676392432
10959,0.21007894105786212
2972,0.7071935983999416
8403,0.4525641917183951
8516,0.6234826757206687
9265,0.5862645255736675
6805,0.5990044702510953
6105,0.2647746170695107
9102,0.5368949319653883
8875,0.5434318253746703
3908,0.43132150829594657
3677,0.21061277848235663
2337,0.8827427970960249
519,0.946323319220445
2889,0.892710702557604
4770,0.5596282520626723
10139,0.6257201233154029
7261,0.3373885844988247
8622,0.7401696993651863
10973,0.7266992147565011
8125,0.2774213989642989
3978,0.3055854950738275
9082,0.37134078210453236
5287,0.4522333253565273
5784,0.5591524208946129
6608,0.8247872848362092
3,0.9100683453203146
1633,0.9188687566513379
3457,0.382236447936909
4373,0.3972332290755696
10326,0.4419762992028333
9129,0.48307320263462256
7931,0.46459495436369813
6552,0.47420122695088923
8514,0.5136421401776317
4884,0.6470045380525346
5054,0.3640667992800957
10778,0.4631680747463812
6031,0.5972705103811282
1050,0.9130430373509978
7035,0.27540348258107783
5136,0.3990378714065075
7070,0.3931562568738318
6967,0.43573269051902586
9239,0.2355865845288794
6228,0.6241290817251676
6531,0.2806709276925449
3250,0.4335283203075562
4524,0.42539929417718625
789,0.9448324055230333
6491,0.6783433538711316
8688,0.27549759367554544
1327,0.3860065094667936
10907,0.3304323573305587
6129,0.3905808522150588
6750,0.38825106343809646
3872,0.35100772152211773
9321,0.3752709025480237
2166,0.9570713539625163
10409,0.6796814364971824
10421,0.30655756788096367
2124,0.9030692994861548
3592,0.27006221308838035
10095,0.5507504644061169
2,0.9203418979305772
4705,0.6244474638395235
10331,0.4123285257889758
2221,0.8396943726642003
5528,0.571407293605898
3382,0.31507489707280983
9612,0.44653430835423197
8104,0.29725944722951425
10440,0.6880661313215428
8285,0.22021593937482795
10537,0.34914424513649384
9282,0.30235942345937694
3447,0.4601011956881155
6784,0.4516491452286124
9580,0.3949519064244062
10771,0.6555894309520409
8584,0.5710010786308372
6574,0.613987909731284
9285,0.34294080297676083
9217,0.30947877056374706
5495,0.4469383986583424
581,0.9205547747486691
9919,0.4724594805017816
10141,0.6432306826754104
4362,0.24485076080458434
454,0.8245382367578087
4630,0.31077614147951793
6126,0.5943953244135549
9914,0.5743470684224925
6903,0.6665771806829196
10413,0.6534754274587338
2384,0.9380953889242556
2436,0.9370858047497507
4525,0.6192631338785629
819,0.847189404019765
4481,0.5151509074034224
6752,0.46134784367635
6514,0.6715132810416998
7004,0.33984385608573786
553,0.8391002813682349
6337,0.638834859280851
9690,0.5572586730486716
8888,0.4868688391615239
5115,0.3076883797381098
2388,0.848628664905275
1724,0.9452174019523292
3303,0.33034268098589065
7906,0.4309499763092061
2217,0.9333274878173022
4488,0.26347743755311603
2136,0.5149317295964932
10266,0.3286979405084177
6943,0.6370946643611902
10662,0.5357926885682002
8047,0.595705667490476
4414,0.446216449226708
10417,0.5684141846235639
5111,0.5077825729755326
8941,0.37085511429638296
1498,0.9503044673183979
1094,0.9233148179389368
5261,0.6111321926591222
5198,0.40915155817591703
6502,0.5141445896540836
10613,0.47024622780778236
3165,0.35078006413676094
2744,0.811957881609324
7074,0.27797837663087327
8466,0.6540117361029293
2998,0.9176939770251543
3549,0.37136158557140075
7750,0.5652964218192073
20,0.9584290366269489
3634,0.5367616530790627
8026,0.4955731803707966
787,0.8982931642567676
1510,0.9177751228030735
639,0.8506212629827121
269,0.9149916006087259
9348,0.4113772688127919
4577,0.35528551664819574
401,0.9418867375542265
7622,0.46911917812814957
1253,0.8809712118713614
7012,0.3921295227201678
2842,0.6197515011653808
4061,0.6340508659859324
6989,0.6238155021080993
4133,0.5730438158607729
1392,0.8570789329756107
8967,0.6580135132504197
8130,0.5517861068053023
421,0.918186027667175
1965,0.7114234162426886
922,0.8594073378858574
1567,0.9373919719616344
7290,0.40389934405949124
2733,0.8440496426284368
7111,0.7643685368309837
6243,0.518115957773515
9196,0.6800362567874406
8854,0.5864069463449155
3366,0.23831959065973965
9352,0.6873901681118025
4876,0.3576691413286138
4815,0.4081172060479147
10982,0.7279802811404964
192,0.9606185725762223
5107,0.307087221586852
9948,0.7533461639133967
5476,0.37093833609719745
3300,0.6113852204478513
3358,0.3378584992234532
9420,0.5302167195657663
1447,0.9379218491070733
2306,0.9478675017868693
1379,0.9576796061478902
2095,0.877691726918137
7770,0.5836378121492382
3428,0.4583172966673697
1830,0.9429765884534533
2609,0.5726458005301777
44,0.9525874244357541
4543,0.6107001272833611
1278,0.5387052808319774
5409,0.3548152711253743
9220,0.5379088960578882
8980,0.6700397973893605
7810,0.5051972770873612
2073,0.44789200090532627
2711,0.9241780329127083
4798,0.7076310488456883
729,0.9393725406509459
5506,0.7123419496522716
213,0.9620356920660654
3160,0.5836397282987777
5098,0.3816450655656938
2532,0.960665715456927
227,0.9246051054692745
1494,0.8460573358119073
7016,0.3381327573266687
6347,0.42461755203111307
2682,0.9182559671788976
4899,0.533505415104383
1717,0.862400221107156
1493,0.5162140307339065
2767,0.9338022825961773
681,0.9188477432511697
5589,0.48806407719747774
1430,0.7736015489320133
4411,0.44811693381743023
3544,0.33877245504640335
9904,0.6236704672010303
725,0.9134409683997333
9308,0.25029923184142633
9242,0.4758332714510599
4922,0.5518785043885346
2740,0.9031179888467882
3253,0.5369009925428296
4354,0.5808489457109758
4006,0.7381589554545905
4950,0.38607454674769914
5919,0.38721794028503903
5233,0.4543676630934474
4291,0.5513849342752696
3819,0.41325285852761096
10035,0.6541756673845617
3342,0.5021262646149077
1834,0.9518564945914247
7214,0.6968941764816466
5109,0.6817613584401159
8127,0.3823591009662339
10653,0.3099607350493165
5822,0.3992341328246134
7168,0.7223457173407649
9225,0.5166083463700554
9251,0.5793064612290526
5643,0.416877620987492
2279,0.9161316896398676
1201,0.9288914528901369
7106,0.6908651202068449
4816,0.4218853411734199
4991,0.747953684968129
6749,0.26220728692487943
4062,0.5888231452080099
8681,0.6205555328191037
367,0.9501767326290351
8723,0.34236333873864394
7096,0.3967693903395974
10351,0.278799283659083
7280,0.42900270052285744
2309,0.909881345411989
4002,0.33640924678537293
1575,0.6599002436454936
8587,0.36632640102448594
4514,0.5082219428155736
5813,0.4694434671240701
3251,0.3162272638213071
6030,0.7180069889413108
249,0.9537661844027809
1150,0.9529953210876128
1903,0.9444125178100726
4366,0.6250763967065368
7141,0.5970862298882642
3725,0.464251255780813
6821,0.7647810709428458
6443,0.5730993369025209
5045,0.4552880065254151
6727,0.5570037276574932
4920,0.6748431875583673
1110,0.964743984339738
2031,0.48404859255284693
3359,0.23090858670425202
2316,0.9708787345370071
5580,0.3942629183889196
10392,0.3756932964617728
7344,0.35766616685494984
10503,0.43902495423424187
1504,0.5194270523966361
398,0.9584104557382126
4986,0.590712677999843
4586,0.533571650655018
8443,0.5976107681497087
1525,0.9039951259659028
6209,0.5424866432763391
5003,0.3411053633117296
4047,0.4379437450255177
4565,0.3956965694477132
8508,0.4593337964273434
8531,0.41520279946434185
5802,0.5532975203214057
5465,0.6062315645976151
3341,0.5399440714790907
4187,0.4848903578941752
8392,0.2981425750647947
8032,0.7590437202257888
8533,0.2538979533683035
9463,0.486063844489719
2764,0.8990183518547091
1237,0.8695051421416325
4370,0.397521017024736
3596,0.44704032870574273
2232,0.9287174889622484
7636,0.48020180639109994
10531,0.48060907802935166
3276,0.36159679272346446
9474,0.6294352542001789
977,0.9480486719668245
7185,0.6025196557630514
2375,0.8760220950853969
6638,0.42556279774164363
5153,0.7167542248685435
9644,0.4453939350563298
5872,0.4151885251410968
3331,0.4422130794317664
2270,0.8928783449325407
742,0.9197982316651956
9962,0.45084003759417196
10003,0.4461895835210205
3546,0.4948338021053215
10459,0.4800931293214841
7506,0.40156573071242646
6679,0.6466175329237425
9235,0.45490910101197124
1400,0.9284892061650079
4928,0.3278113551254586
689,0.8966560157659682
5058,0.2976581959771018
3511,0.5931436476358375
2952,0.7344058404040616
7394,0.5699256549289181
4875,0.24358876630340445
4639,0.4648606119617819
10649,0.3884476802671212
6648,0.3521298768926594
3888,0.6121973032423743
3199,0.64268655445261
3104,0.9509227555510618
3240,0.41070554271191156
9659,0.42799368418342904
3495,0.31313359913926436
5202,0.43322376960936665
8760,0.5104305573432327
6071,0.26368916781448143
8242,0.5806335508470666
6315,0.6702807500138995
6346,0.6145914381644897
4654,0.4449326595977608
8264,0.4552664540681158
2913,0.8920891585586265
1087,0.9379606923410836
10624,0.5798221209002546
3407,0.3402202508654145
8468,0.3730983747327831
2156,0.9167253941236658
3948,0.5661784442101826
5516,0.7548575157395608
5435,0.5026764638319997
26,0.8928714373753305
7219,0.7271418405967611
7169,0.4542936140392947
6427,0.503817393674214
3695,0.5134533000349851
4053,0.2582793596356023
6721,0.5793234782871692
2219,0.8017386361979169
1066,0.9359335237473678
6008,0.39196861421906837
680,0.9551892914941652
5697,0.43826113389375326
509,0.9364118407283397
4125,0.5167906081929924
7952,0.6436188320699998
1935,0.8790595290280093
5053,0.3301638886138823
3227,0.3740857653653047
9854,0.28652300726894214
9875,0.3279564235576334
7575,0.43636548527075075
7555,0.23573267656741279
5867,0.7067859270540012
3714,0.5764755313417199
149,0.9547835482293625
4619,0.4147758423001303
8986,0.36702790032934673
2154,0.9627888399101511
6936,0.4537310573457363
7497,0.42204751654791095
8185,0.6333455893326358
6815,0.407063879696044
7799,0.4043959787230861
7180,0.7342016287392406
5922,0.4344834285092137
9689,0.3888893437407592
8465,0.39369337476569527
2771,0.9440316062061481
4861,0.355402064804921
542,0.9466380606690876
9241,0.5643005762396841
7942,0.42717005117078444
7825,0.68498121711345
6211,0.42733302222752145
6325,0.3318082998877971
9756,0.4858499486370231
9497,0.4854402840227833
8633,0.44874249506749564
1858,0.7509180115203802
8204,0.34825373300905366
1133,0.9673831358394149
4938,0.31581238678961426
436,0.9695637909403708
2109,0.9462197309080483
10834,0.18353052513174908
9280,0.5390598825377227
7372,0.2946037552026377
3950,0.5247249477180141
8496,0.5863775736361336
4273,0.3001739302751643
5916,0.4576736460001969
8548,0.4497724731112708
2521,0.8236653012326954
1750,0.9443343856638365
2106,0.9106292582424004
3757,0.4976105122071414
2654,0.918807521453754
4184,0.21955067750286705
10783,0.8184892830032003
8877,0.6148678813622325
4561,0.558631317809482
7685,0.4031714406977034
4926,0.5539638153147355
3073,0.4978351341510378
762,0.903239187671283
3557,0.5205802039671886
3386,0.39169715808365496
5144,0.2770159154290891
1869,0.9061038385880155
6543,0.37126318470544795
2394,0.9466535445451119
4616,0.5221467595687738
10990,0.7140734639715236
1776,0.7711137599990728
1827,0.581137242785469
2915,0.8531677906855968
2808,0.9266072244643905
9905,0.3858026729345517
3395,0.3190135846839804
1063,0.9091042445190601
610,0.8691958296351253
4459,0.5505182000729578
6831,0.5486750181504093
10108,0.49781730633668375
10478,0.47572134106594577
5788,0.6932450336874164
2720,0.95229628723039
330,0.9081105974888598
9491,0.632337896413697
5815,0.299112051695557
8103,0.4508692216720149
3193,0.3590767896118679
2192,0.9404842314642382
4021,0.47102767144058794
4970,0.32743700633913697
7205,0.7627277046231133
8526,0.5723681822780399
9272,0.6341638728034317
5599,0.3133866918250281
10784,0.6436739527845289
5472,0.6720383049311582
10995,0.42139908804435194
1992,0.9242111428576654
9507,0.5042131804576712
1962,0.9689937788993418
8530,0.6210796030573305
804,0.708268384468292
810,0.9376360940199495
7307,0.3599439516754188
3254,0.6770332802262048
7853,0.6560476618746367
7174,0.7315146051706447
3842,0.3315974778180427
3513,0.298408887967301
10744,0.4866995878447042
2411,0.8771296116363856
10271,0.5915129017520081
7996,0.32731856913435536
245,0.5430270934126579
72,0.5062621812537986
7721,0.3929844437597576
10561,0.332095972568698
7118,0.24783522220241816
1467,0.8172154307017211
6854,0.40362012693326377
8450,0.2831735149185425
587,0.9667935427082989
3929,0.2887489344981497
2891,0.8313124084051714
4604,0.3412459796793743
5895,0.42439641686812896
6761,0.4627605530807286
7199,0.5732606909456734
846,0.9227432662707712
7322,0.43677793484903776
1112,0.9347477626265639
8704,0.3358940675889995
9061,0.589325591211593
1338,0.7548178401044914
757,0.6878068162479098
10623,0.44014621196292136
8230,0.34102941125333885
1012,0.8598806031322739
506,0.9271429323912348
1470,0.9542064479012514
8126,0.37537042584022795
6473,0.48181095778159483
8903,0.4784395775684811
1076,0.8676816700114315
6729,0.39015114606478013
6641,0.5398889748913267
3555,0.49969377689726
2783,0.9457358194010362
10599,0.37308251486956717
6153,0.5822256864902884
955,0.9290255505479802
489,0.9183368934173433
4897,0.6271224059226959
1825,0.8613810604981048
3630,0.5978473376692253
5649,0.3815052471590227
4968,0.3225771871320635
6678,0.6151242229246594
8933,0.6797346251808201
9513,0.3060659078799246
8715,0.6196069042127211
3120,0.9410416413606528
3034,0.8892449530070552
756,0.8913735691257275
287,0.8942344039451026
2186,0.45113611153975014
8495,0.4772311699774483
9766,0.4691830917593148
6551,0.564457927876283
8641,0.7325413594514513
7835,0.56817034550191
2570,0.9358838463331248
6868,0.5245576794767504
8064,0.6889146452248275
7161,0.4880265924954861
1326,0.8786795594194655
4549,0.5005775815455789
145,0.9565402411860264
10849,0.5863528414908417
329,0.9097665159407264
7594,0.2706069255961223
9613,0.4311584929969777
7743,0.679675236214717
5703,0.5219602765916459
2478,0.8057501514070337
4332,0.4250729569192216
368,0.8270078573839925
9722,0.5079817466958594
1166,0.9455690282804645
10397,0.427567207455844
8208,0.34510339737950796
10755,0.611468419202374
4389,0.37557493897891486
8542,0.4667672013004512
10954,0.5232749689269556
9657,0.35221042580617284
1670,0.9288402237286872
3471,0.44760332518228135
4537,0.3063931928095901
5141,0.518243386447541
5008,0.27488629664500347
6517,0.2988871921250205
499,0.8807292727633027
8036,0.5199346762069941
9956,0.4758734239324302
395,0.9284195258200901
6983,0.6512015978091124
8235,0.2914039087325832
83,0.9383394918207539
4526,0.5001711848983579
5778,0.6408856930925751
10104,0.5218631414658126
126,0.9152574920295934
3955,0.2279521328829757
7147,0.5671772148054307
1769,0.9647460369927828
1057,0.9264012221405735
8189,0.3992593900884575
342,0.9665171569726476
2703,0.8814571900873055
10835,0.5502096199928156
6399,0.612081826691854
4492,0.6600030830554106
6556,0.5212942273384938
7846,0.43361283613585555
2758,0.9085787579004401
1170,0.8986670423604886
7383,0.5812004055677203
9130,0.655182533745477
10548,0.5013870413926927
8470,0.3218826904711533
7315,0.4158167123964884
3172,0.705224709191838
4935,0.596243815045672
1020,0.9080808551587782
9015,0.5912820132421627
717,0.9064460037977125
4487,0.5150802634500562
9678,0.4960401204072824
4046,0.2204462406210097
3750,0.5574467009827846
7816,0.7007836122764804
10876,0.5817043447765208
9987,0.2835308702759758
8541,0.23509338934546598
2485,0.9011677116427799
3247,0.47489366575116077
2126,0.9498212493845358
9055,0.2828348128092107
9148,0.6304566161751654
5863,0.4433868058448077
6929,0.641415453794422
1649,0.849235958468339
451,0.9166071870281325
5997,0.4845479832068404
10988,0.7156805178871442
9062,0.5797764368203805
834,0.9342634280976262
10841,0.4361775506026594
1852,0.8565910644763945
9263,0.3556166104948038
7874,0.46055790578657274
6251,0.3359365888494429
7741,0.4747975044753748
2330,0.9186842086986259
3956,0.3628979140180838
8556,0.6547597048949453
6127,0.6131466252396456
8607,0.4293000771241785
5248,0.4341460798281742
8019,0.6252604187636831
8157,0.47299571048864536
10327,0.6367827574422636
7123,0.3620186509369378
4035,0.28300207974612884
4069,0.253414599626445
7142,0.6399088776953714
5434,0.5368936312782937
8953,0.3936430319432938
1618,0.9279513288028534
3853,0.558060728516433
5530,0.5391650744669975
4255,0.6302609896878181
5105,0.622292477872408
9731,0.40218903270749246
1934,0.4142731747019424
8218,0.4991904535831893
6751,0.5946480703787471
1357,0.9090666899685721
9544,0.5365075856364657
9505,0.5412134708018401
7029,0.3825857798389897
10463,0.7077355018382429
8808,0.3395062261872068
5951,0.3777214723697867
480,0.9493263767462432
5380,0.5019594402201445
10772,0.649169607667055
10865,0.5227373793649663
1898,0.8611205273772359
2916,0.9413142801021083
4607,0.39104846618723454
2823,0.9458054993442723
8349,0.5531811233464663
6023,0.5526687020437419
8155,0.6027478757967875
10471,0.5270187113673083
3228,0.5888531222697693
3951,0.4075878091417668
5602,0.424853154026791
697,0.9411282551770199
10420,0.41737499750903784
2816,0.9446233403969401
1576,0.8924612732739132
4070,0.3233397456582728
7321,0.44227273723350496
9107,0.47886319365332813
3050,0.8701438664274723
6156,0.36089652724284443
1644,0.9583239448690933
4787,0.5191511884778959
7061,0.420151159673691
5893,0.3094144786314391
2128,0.5167122319022621
669,0.9177608447851164
7278,0.683173871848749
4617,0.3685520057338682
7358,0.47707110958748994
942,0.9619583064802328
7465,0.5750379281750135
1855,0.821966545953553
5710,0.2718786105038547
6021,0.5904424354727859
6148,0.5504128714518678
10427,0.28865559193340634
5556,0.41235285391208293
6318,0.49980454405141345
6096,0.6486586976829757
123,0.9368964138366397
8711,0.4284658725341646
7545,0.502846491493322
10410,0.4021128071384533
3032,0.9151032875565683
9163,0.6931053295423506
6190,0.4059778993014948
4931,0.34372039605372245
5427,0.37972184459591446
6252,0.24498663042690616
5203,0.49656478591456776
2567,0.9422709608429737
3800,0.36976239307095016
9264,0.6655771045864668
6191,0.3855157246931124
10298,0.32006792337927564
3733,0.22657954764877494
4675,0.5091492351215154
925,0.9591719176881168
5336,0.30018653738306206
3185,0.39063584523894135
34,0.5104696557505386
6892,0.6437928602737367
8491,0.3655749906337143
9742,0.7004741565088444
5046,0.3401902947864867
1071,0.9374052694793464
4854,0.4469291923821292
3186,0.6312684869857476
6715,0.36043767907062113
8829,0.42175422593529566
582,0.9165697244908552
5718,0.4802609764085268
4825,0.7422702105990728
4849,0.3438929949044934
5543,0.5750162430302859
6068,0.4923825361969406
2845,0.9330887215462528
5903,0.49209659051396853
945,0.2943171295447409
5346,0.3160714683291108
9034,0.5978307064225761
1259,0.8323162322446612
6664,0.5166169757821313
2636,0.8935640484386945
1154,0.8663961602085117
8579,0.25443219256752503
3764,0.5269855158083
1973,0.9220652356320862
2112,0.9096389106366554
3545,0.5603919752233179
5378,0.4851650099295047
8181,0.47101498272505926
2079,0.7745428379048361
8730,0.4151788106841349
10739,0.4104749599886841
5455,0.4746003489935229
5508,0.4645203253551819
495,0.8791724538245314
9262,0.3093396461231065
7782,0.2019533211749501
4945,0.47634508405850956
5088,0.30562738998772404
1363,0.8928259180934333
6848,0.6044944814801461
9540,0.4507110101629435
5240,0.2708133896208474
8908,0.529753506779933
7850,0.2459492555707026
8544,0.4882347575896619
782,0.9677682319615616
7494,0.6502707180178865
668,0.9070673871657363
2198,0.9507595780811279
8902,0.40332980544392655
3516,0.38184968551184434
2172,0.6941381678342163
7072,0.5898144263166913
10606,0.46154618810272274
3431,0.6422254074725796
2323,0.9366351760633455
7172,0.5029578000497613
2435,0.9482984660943109
8188,0.42279405903814193
9366,0.2802779900694275
9288,0.696264384403152
4309,0.5538433957462744
7837,0.5425418136599512
2666,0.8155192293435691
2183,0.9590208486785194
10365,0.350033579416158
512,0.9365020359459023
2781,0.9201024481876673
9946,0.7861691544565546
10985,0.4436198424734638
10030,0.5826955486887517
10629,0.4893211153477572
1702,0.9475157389414381
5652,0.4305378469562915
10349,0.31377145029342945
3739,0.6052992300190126
5080,0.35587904123756325
10404,0.591949590631201
9052,0.33496960537985293
1711,0.880330718102437
4001,0.37292635894694853
4551,0.5511185406253374
2647,0.9536268669453392
2228,0.7715525183555736
3464,0.6251975175525235
1329,0.9054288603193271
10133,0.26334822584223755
6740,0.35429983881491606
9001,0.7184697754281318
346,0.5486610653393268
10912,0.3808989186657432
8371,0.4689283170876521
2074,0.9102671861773266
9694,0.7005178436778278
2788,0.8134541229128465
9229,0.528082141458642
6609,0.4726367304199062
5623,0.31757877841162224
3991,0.5598416819969616
5545,0.3085643004953502
1313,0.9612858481983652
8603,0.4772859248524123
9738,0.6028337612978201
1862,0.7989072810508497
1971,0.941718661825016
3356,0.4289799643022399
4762,0.5051419629547377
4618,0.42921095121892866
2586,0.9306882436348409
2772,0.8370418243785147
944,0.8054485771267936
5731,0.5346130643207689
9887,0.6731888826295431
10075,0.5677367425638539
10861,0.6075559474360316
1880,0.9583183057870625
8142,0.47832609567278034
5328,0.5834236962022942
9180,0.5910284661782711
10437,0.2692650451480727
487,0.9277713792775965
7646,0.4800049089819359
8655,0.5563691036619736
2273,0.8808154343779624
3855,0.33461882540522414
4175,0.34746531815335613
7327,0.39428321273561917
7818,0.4101900276550601
4484,0.5944685846126262
8557,0.4962780082804141
1155,0.9109888852598702
3370,0.750813456139113
9554,0.39983631995596647
3054,0.92077400407206
7189,0.4107485391728224
6796,0.46363798789797894
5033,0.6932347968052195
3204,0.5516843908274937
4118,0.6375739051548204
5084,0.4831455557042183
7548,0.4338226179780384
8820,0.4331636510833027
84,0.9606563477006068
3681,0.49304755438459374
10633,0.3572688873033629
4981,0.7685169172365365
3058,0.9182933786844434
5761,0.580835544162943
3652,0.27282385108814977
2378,0.9401482860796992
5196,0.38101886080944775
5483,0.4353552154174162
7694,0.13725683555158738
4939,0.6251996405488478
3202,0.5878079943475807
1987,0.9491346854501355
5025,0.5602966468045666
9237,0.5024924456011471
9165,0.5386890709564917
9879,0.46790564004715335
931,0.6109785725432407
10914,0.6596511152080247
6833,0.28485198319930594
8397,0.3022950984681884
8485,0.4046606784611958
8256,0.6223921017668381
721,0.8653458510487704
134,0.8332668875365503
632,0.9324354958552277
10140,0.5610841715085622
1354,0.9527943069059063
3993,0.510699009182857
7687,0.29596691598849784
155,0.7821391148821243
8713,0.5509786338593744
6326,0.25220038324404465
6388,0.4350350497050355
2642,0.9500509424133357
9434,0.49073381263870675
8286,0.27455225271272726
1451,0.900479772607161
1279,0.9375415609080643
8290,0.5644664511710088
9485,0.5940036343245683
3329,0.4511687059896073
1225,0.7998541375944671
8898,0.4346738125016639
2880,0.9219562985018577
8905,0.7184176031787162
1906,0.9581071870427548
4081,0.5070466307450153
5847,0.3918725751143579
5365,0.44457720837763126
3275,0.3733328393271557
8091,0.32951717726401186
9729,0.4315893198628845
8335,0.7580739183305231
6440,0.411411397211569
1698,0.9179250952587091
1583,0.9527595798493708
6965,0.5916807030327706
3631,0.4293062208887264
2553,0.8342518367478108
7209,0.5390919234092826
3691,0.4632733272458324
7076,0.4270324407207038
764,0.9247059242620987
6495,0.6307793777203939
5048,0.3034158639649056
3002,0.5522874219876514
2942,0.9477820809935031
4907,0.5137620731961601
10112,0.3532008893757443
10472,0.5638550792140895
8131,0.5881177309315491
6576,0.607727812561321
5331,0.2951653485793171
7262,0.3732174324024923
2046,0.8032580034076988
912,0.9647041471188506
1953,0.9511419609532861
4360,0.29237731316914944
8252,0.5290286751245177
2754,0.5530087427463214
916,0.40556417056811966
1089,0.918364680139739
7819,0.35479479314990225
10578,0.5072301923923248
5947,0.4252950410835478
5625,0.40075829998167883
5948,0.5186964475256414
693,0.8520300198539604
2713,0.924366940403085
9449,0.7305040215197122
8458,0.5030165909050158
1360,0.9039241317237774
6915,0.5572934937162126
2542,0.5904507320456495
5343,0.47124990799155136
3782,0.44517645494813163
1630,0.9566358468453734
3622,0.3117239665744658
279,0.9429162702875514
2178,0.9645228828306435
7044,0.419554495554084
7153,0.7192286044635974
2787,0.9063144336510363
6777,0.4903304661987291
6168,0.4035864641004433
6614,0.5618053135246368
3301,0.5167638917542571
1059,0.8684908509582832
10969,0.5653926246281644
9153,0.6285535328022073
3150,0.41914738585765193
1731,0.8648029061770872
7876,0.5688792493599364
9545,0.6514326371549974
4486,0.31859123826129854
1352,0.7813442197066618
7260,0.4744503121750878
1359,0.8682151811320531
1242,0.9202203322418704
164,0.5125827488123403
7926,0.37585600407658365
10107,0.4534967767875621
2160,0.9175110099577941
10181,0.48367163330412943
6771,0.3842105716174793
571,0.5204510613502797
382,0.8966328863093146
10324,0.32115404491628546
5286,0.6720754479773766
5267,0.5721135697491538
5165,0.5703826128817251
5601,0.3467151430879329
1835,0.9229987943387067
3133,0.9286827533803268
6697,0.36160520712986877
6107,0.41766647292805326
104,0.9304468380778843
3577,0.4250084340748801
6899,0.6426041759145208
6099,0.5423260108325729
7882,0.6239234585020212
194,0.9510285366441693
9916,0.43038967666695077
1647,0.9306249376124607
2234,0.9090792651931449
5114,0.4148861476349099
1452,0.5504480387552745
1321,0.8835481097471347
9184,0.7288402009356139
10802,0.633628291300778
548,0.4660857626861267
5358,0.4027929076917361
10564,0.4877057665152526
5925,0.20878785599253047
9970,0.4206512096724926
4873,0.4422618456087693
8107,0.4574747389450303
5688,0.5342696012616459
938,0.9573348289831366
5447,0.40629239970640196
2517,0.8751514319857032
6345,0.41626345211793453
3675,0.2921636764257204
1509,0.8724136026237496
1266,0.8973265036348888
6466,0.2117708572822576
203,0.9657034433256009
9863,0.3800288485770957
5341,0.5332850882061219
8052,0.6844314437664561
3994,0.5797046717011285
7059,0.29380648652110913
2347,0.8191639502170253
1785,0.7123336997998655
5219,0.4172601511513263
3661,0.38340834902198867
2752,0.8538925470144431
4145,0.30195296140699274
4316,0.46888864684732257
6769,0.3904890470162285
4643,0.534802724844325
2350,0.8958126142828761
9037,0.4851755667833324
7258,0.519922466312598
5402,0.6108521747086171
27,0.9603398472283067
990,0.9362663954891303
4228,0.44787561912609813
9721,0.4440962978822163
3350,0.5262574032105921
8669,0.3345765075423451
1846,0.8490565624323883
6898,0.6179679488299453
1740,0.9434301985525889
9974,0.7616805488337552
4447,0.3970049333190099
3547,0.4433821805099512
3285,0.573118096010537
1270,0.9603602635621259
10165,0.35684776203513124
678,0.9354327344343987
1058,0.9113912888514979
3169,0.7330644893065202
7085,0.27841799345999985
3571,0.561548531067265
3397,0.4590615807959312
539,0.9064470538708413
3539,0.6534709591382281
9848,0.3002268777668323
5968,0.6596506867927809
5461,0.4828592512779384
1387,0.9490564422877171
10089,0.31097992334785496
5390,0.42859798477021177
5984,0.44915259975301847
5519,0.44983397436168315
212,0.9639554165690014
2400,0.5095698948029117
10460,0.5367428396221097
1489,0.941648509995395
4198,0.4382882981308853
10813,0.5512765516496893
10811,0.3673269902028352
6282,0.6613208838949423
10235,0.5026408347618643
8718,0.23704283194424236
8685,0.6309301367937007
1926,0.9384569768714751
5480,0.5078433274945792
2320,0.9180255457519922
7208,0.5741834449129468
9926,0.6391130544725055
6095,0.5572135716410512
10526,0.4456381994522964
408,0.9350592312746653
4518,0.5050981148845094
8817,0.49415217937596967
5524,0.6271200841792286
61,0.9202351021409945
5014,0.7330092309389094
9481,0.5437445032248076
7762,0.5859492384464128
965,0.883150623726976
2317,0.91959788675865
8083,0.6000074294512414
6628,0.5328376759439614
8381,0.44925400520006975
8691,0.32018742636529496
7156,0.7219092704565635
4324,0.769099824882341
10070,0.6634628172291616
7264,0.5256984962651673
261,0.9540229501844077
10027,0.37892581477168924
7920,0.3436666476459687
7,0.5548663414901572
1560,0.5825905387242528
5699,0.6384486070584234
9716,0.2873128384827909
10704,0.6070830269763469
3214,0.6898926893332158
379,0.9601758162303137
6649,0.3101617428505075
3931,0.3537393133377155
10910,0.46329989427677926
4083,0.2178577612795619
8739,0.48674309535472937
2397,0.9039578003513369
7904,0.5100801025747576
6561,0.45060040503854
8929,0.4948992110427713
8907,0.49120792380505945
8258,0.48668937605300344
10585,0.4607401510233337
8038,0.7912501663302055
9175,0.6325188148232223
4634,0.3506519188204637
4205,0.5269950770460369
606,0.9403738264597526
1866,0.9275526756591707
2988,0.6046603680697342
4159,0.4359691282405768
1367,0.9475197368962137
8538,0.23134506552273124
5497,0.33737633510072157
7152,0.5000360113423091
9232,0.4053741767492307
7176,0.7337357618595364
7469,0.3856027494548566
6630,0.5223346577581014
4466,0.4912843078037329
3025,0.8885515513115494
795,0.7947102815266929
4398,0.5447876887689983
10163,0.21369567383819027
6879,0.4439693365226406
6838,0.49269742008309203
397,0.7759453473839906
4404,0.37704176543396695
440,0.9534794781215947
2661,0.7476812264196073
781,0.889860721667271
9617,0.23394514152198037
10171,0.3063672707897953
6174,0.3547806901447524
1070,0.9291411664204793
10669,0.7864872419312219
1566,0.8092791498875077
7550,0.42225244839504616
3934,0.43590971211343094
347,0.9112918919306577
4788,0.7327173112076951
1168,0.9383575841333831
1511,0.9188397247337401
7270,0.5319050502233512
604,0.9596391898983189
388,0.6961711901475028
7947,0.5045113297562305
2692,0.9507850399527619
2268,0.8677158806171638
6045,0.6461811822859322
883,0.9494547502947973
3793,0.2557066846443223
8836,0.622987642839139
1022,0.9251480618092903
9618,0.41315294969169486
10493,0.3825142240659848
7997,0.6642947543931534
10094,0.2877513424278858
3425,0.5343784524548477
9461,0.5074556161184185
3942,0.2374418420598888
4465,0.48673362722256536
7609,0.6272182292379785
10762,0.5672794923680914
5747,0.408175076738561
3755,0.32063413355449105
650,0.9440945835777765
6222,0.5951505179222527
7718,0.5211920386660659
1798,0.6681848574580839
404,0.8564074278503626
2546,0.8083128369158847
10549,0.6652290300542407
3891,0.3367898590115436
10676,0.34183848981366843
5482,0.40317096580856776
3840,0.3542447289616737
5430,0.5188730094821504
9142,0.6243813321459031
10949,0.48062605944324566
5509,0.5181188208433081
4085,0.3815300914091559
5212,0.36228722385828477
2583,0.8807737045243567
10405,0.3787700395896153
3506,0.40368182955237125
7155,0.4741830052133339
5901,0.5020224668297444
6586,0.5613595531552125
1665,0.9291020956529197
7851,0.5375955889849664
4239,0.6092678362953957
4527,0.3225247968577455
6184,0.3699942536672943
10584,0.42206850113880506
3639,0.6247560677552413
3111,0.835247633355988
555,0.6806950215548606
2950,0.9017718444636519
3458,0.3610033921043684
3430,0.6301727709537926
6235,0.5464656468212723
7870,0.4994579365886334
5385,0.3919931796745466
8206,0.6125914413660198
9240,0.5570010868329452
6616,0.6726876144405177
2817,0.8850784601391571
3893,0.4605008920220619
5471,0.45548654528735666
9103,0.46750511255545474
9589,0.3712125622811137
5113,0.4892000910425506
2275,0.9468574653420538
9818,0.3622388580330332
7201,0.7070762362514195
2765,0.928347689044912
174,0.9121331569708205
10896,0.3062935040574322
3131,0.8583528779334523
1807,0.9069284105695581
1749,0.8349254025340758
241,0.9267277996461631
623,0.5608702703716414
3014,0.7247372262817459
3658,0.4301056788308459
2906,0.9351412616105224
7334,0.6148594039364516
5911,0.2894710180876581
3468,0.5878344283353396
545,0.9420534507865695
3754,0.5058434674261181
1325,0.956995660121244
4431,0.40700558768558553
9377,0.5537267905052909
7075,0.34377704013403265
7028,0.45560871104539086
5729,0.509813897512162
7740,0.7190075806570989
10632,0.4261080257742551
9517,0.51518685272297
2530,0.9467967532741345
7348,0.5315418904505234
6280,0.44087801547096217
7899,0.3888036489838885
8355,0.7055029599244417
8841,0.49099824894348026
248,0.9625219445636242
2321,0.8906619253442325
950,0.912630508865884
644,0.8927912556396247
3122,0.9082213500363336
7758,0.5394581478628488
7949,0.4727622837583399
8826,0.80157538921369
8757,0.44554962250386776
10188,0.6063661968605373
9739,0.3194659316923762
3258,0.615179796988446
6841,0.4347384692217085
1856,0.8477490983860045
1092,0.9590099039072135
1955,0.8933094431415984
4662,0.5519555851359302
8412,0.6588873860128723
8955,0.3558352203073104
8973,0.23068737270940573
9515,0.5992619526383414
7328,0.5568257878732299
1930,0.8402638069695101
8697,0.19628201224620423
7939,0.3370420008736067
5709,0.43816599958613195
9302,0.5701333676256649
1233,0.6591927645578062
1067,0.9553648990001573
4148,0.4284216133604563
4091,0.6150437606670325
1593,0.6121489596184315
8366,0.5796943190990591
9399,0.6836300900618648
6521,0.2854870315792978
3264,0.5655307217500989
6991,0.2822451086871898
10746,0.4364296521041445
4698,0.37802075891816067
2150,0.917319300788826
3064,0.941244051390363
3302,0.4505350625972974
1107,0.8706277196424959
1304,0.9240724398920734
6011,0.6277050174835347
6799,0.6077452733434188
10867,0.33905595647971076
7621,0.3361191765521149
3752,0.6414319978768875
6937,0.38110627892197974
755,0.918227633635339
6381,0.5705637046260363
2173,0.9131688186244511
9807,0.5128537078421106
6283,0.7120995468822514
6263,0.5169886407417383
2329,0.5928513421739217
3861,0.5622121763914713
4882,0.41533455278027465
273,0.9574104655602416
8870,0.47226003443449477
8596,0.7406944441881054
2476,0.9135588534261813
6938,0.4070450402784124
7339,0.23426403335907822
10291,0.4544795513778773
9741,0.3066970880910922
6213,0.3989373648942243
2164,0.9317979908344426
7787,0.2714402579355443
750,0.9039780440886355
806,0.947873160843067
2597,0.9397453443665281
4697,0.5349528950631788
10386,0.3325591009267512
6598,0.5657170693591318
3393,0.7559854211962018
357,0.9313949474303963
39,0.8433841742745668
7605,0.47122535270456767
2176,0.9113359494293692
8569,0.5251440377345177
4505,0.25382457863677105
8901,0.3693162999571856
3668,0.4021554791753444
6593,0.4340491720248465
9737,0.5135550335891216
6420,0.473600597325125
8543,0.2635055943863332
9518,0.5307123947179107
10899,0.38060579040230086
10602,0.49555244307644125
10694,0.303071621261618
3213,0.3027499493454505
3336,0.39456634586356065
6926,0.47980126056984723
1378,0.8531397265697175
3664,0.5884792080401912
4723,0.548108464914367
113,0.9446583158201739
6824,0.6371676386462608
3975,0.6344453799907845
6379,0.321541943857716
6607,0.7705934019072551
8449,0.37526114887033485
5161,0.4637137227804451
1832,0.8126821959530047
2557,0.9485781283639331
2970,0.9357325992486654
8585,0.4366727538401126
3421,0.528854843732464
7786,0.4598500404033851
5746,0.4489374718905471
5320,0.5136193018710388
2008,0.9522168702891948
7212,0.5208343232599983
1629,0.9381828714676961
902,0.8806108310078138
8904,0.6412265128412633
7019,0.44151881405814813
8350,0.5257179002192779
10591,0.5888696753766322
1,0.9474775833716238
68,0.7231559933504151
2681,0.9100179994840392
1842,0.9653469173708714
10302,0.35004726436121086
6688,0.38404880557510296
2601,0.8845574407496685
10770,0.38930422242255525
9896,0.45022508471999445
1594,0.9505283758195384
6912,0.4145262716785683
10753,0.5425885775946444
1262,0.44231141649425737
8644,0.5495700464121857
6539,0.43973869276094474
4814,0.7275858262343372
1132,0.948702661545867
2879,0.9357721076234614
5659,0.3921787975567614
2407,0.9659455301812581
1803,0.9377634367779284
5070,0.4466436782248402
5859,0.5720564249169938
10937,0.643120292684002
2364,0.9149024286638323
2901,0.5811803561044188
3477,0.21616935113361543
10636,0.666992570536891
6362,0.4482224724967723
10574,0.6418676171038552
7053,0.4870746829416513
1172,0.9157642621858466
6240,0.6817485992391774
1433,0.9023463027853958
442,0.9412512867897105
4993,0.7347904805103814
4458,0.4229822505360744
3864,0.28577866776367516
1553,0.9132569939143377
2534,0.9159125090879936
136,0.6867749523964425
1301,0.9001040499912918
211,0.9281011606419084
1565,0.5375983778823601
9597,0.5005027537072797
6173,0.5106062488699773
1549,0.9280172147690978
3262,0.46556499527157036
7838,0.3780154306070377
7905,0.48022587831740154
10934,0.44301709937459305
9005,0.6622390943656631
1701,0.9321849497921352
5108,0.21586436761168765
7811,0.35884612189295156
10673,0.7024471317509936
4998,0.4978203432387416
8359,0.5341183092574685
9140,0.6454088822016998
10563,0.6036559740712965
10902,0.5919230217281662
3799,0.5495146497647895
6534,0.4471735808416816
4597,0.5324039823791865
2936,0.9517520344406054
4608,0.3418989903037336
670,0.941990247887248
4249,0.5410868996279736
310,0.8977384032063392
2101,0.9334420828489827
2489,0.8958774587054655
9677,0.5357122913124537
873,0.8897348655027008
1994,0.9106696003570692
6176,0.4475971059052167
5398,0.41342342120113484
1391,0.8879950874614566
7808,0.5950158723011895
3062,0.8903179818729928
6745,0.6315871391676183
8615,0.530262821280062
3280,0.4692487135503399
9811,0.41419890466525605
5701,0.4109530587798108
10072,0.5633192383265873
7109,0.5081486418372081
6959,0.38827294847462174
10627,0.5782797585125747
8634,0.6996624829599816
5501,0.6347275435624685
4905,0.5487221136250643
1396,0.9370298050172982
10372,0.32127622027377356
1226,0.8023127752991757
3965,0.5175995665173846
6238,0.4966969535535894
8617,0.40448289995481795
1622,0.9427130522893585
6145,0.33178166355138894
5806,0.3828449583797872
2322,0.926563528416229
1181,0.735580711539521
7957,0.5845059054698771
911,0.8131372621810841
8897,0.576058840133493
2342,0.9462640272717564
9520,0.594179830713179
8352,0.7152958441855322
2137,0.8925930384379452
2908,0.960652393094321
6285,0.600725669066571
556,0.41941790231415926
10656,0.5672504368783956
6793,0.5750166329918891
2040,0.8766053626057073
7480,0.6881005794274231
5146,0.5269980712362281
6918,0.7792301444861714
6137,0.5038260042869878
6724,0.5967287787205751
7980,0.56437417484672
2560,0.6790917056804502
476,0.9578403738629782
9193,0.68391479233321
10034,0.38339771113526616
5852,0.46812312165024705
10230,0.26214145899316943
726,0.8994371788207164
1515,0.8821104336393443
10170,0.3127285697879263
3705,0.4521228594168934
2877,0.9050753128164604
10394,0.62847600088916
2820,0.8529742990179118
8869,0.620138731598039
317,0.9095425264916978
3499,0.460807966349583
219,0.9517374804821332
9646,0.5386451613815526
1839,0.8725944989044165
10884,0.3720435073667492
2104,0.922131648426378
10383,0.492378590793021
3192,0.37129397055768176
714,0.8944589315529436
10101,0.3360144093033377
584,0.9117824157863376
9934,0.5513818710166357
5239,0.28397254575984165
384,0.955985628526165
10483,0.5419495820240559
7884,0.317712861398828
8293,0.520676797485099
5678,0.34177679825519813
3031,0.934863123181391
630,0.9245124163084371
5403,0.5882507531764181
8199,0.5234320554106339
5440,0.39276972532545906
6942,0.3147867995631892
2591,0.8000038169495727
10345,0.5179985997691383
7110,0.6586257838452988
4730,0.5818786454559268
9059,0.5835276160910685
1408,0.863841539252991
3828,0.810256132425942
1263,0.9283459286611785
1152,0.9486229792139625
5575,0.5437178440782039
814,0.8508438738761973
776,0.8911432819416346
10724,0.641204526708834
3403,0.2949886069704797
4667,0.349167373236984
7607,0.5319764081339583
6474,0.4713562711231894
7124,0.5476376961988625
843,0.9421115736180947
4095,0.41283038270764566
7371,0.5184703431614778
2451,0.9362900283547942
10373,0.48364374441293484
594,0.9248727433806818
3595,0.3359989713561852
727,0.9077392439757241
6755,0.6318812753444392
4530,0.4425753867098723
5436,0.3144062148471842
465,0.814033844706633
2140,0.8919972719671864
1573,0.8119729626065106
10362,0.36488758236127583
1664,0.8603948790775384
5907,0.4807954681419307
6019,0.6326794078141986
4238,0.393469169306758
687,0.5630532177966902
1747,0.9031803206026181
7228,0.5383373676840665
10002,0.45799576985451496
4704,0.608193535453684
3135,0.2887835893253474
2494,0.967154693721723
10292,0.31089204251532226
2332,0.935149847121285
17,0.7925355620138514
2763,0.6018655197895625
1341,0.8055383540970074
4952,0.6311072763659459
3850,0.5399870835204101
1374,0.8837212477596598
10056,0.5658343931577302
2445,0.9546914919542352
10825,0.4211111593744654
2945,0.8770666662129868
3756,0.6664775207420303
7041,0.32140334963098605
2626,0.9539850720741019
8494,0.5505750907818061
5272,0.6070249311385492
3012,0.8749766916267226
7490,0.6167338263796468
10542,0.4768416866834829
6437,0.5181256203429229
1669,0.8935039658941828
5306,0.49680689369321196
5581,0.4592794751679267
6984,0.47020473317950146
4605,0.45641302495398084
9852,0.28738607553692014
9688,0.5561465175205446
1180,0.8062865821456136
8138,0.47082597300831797
5229,0.5108052119271497
9066,0.36598365600276916
5938,0.5407965261525676
5052,0.4910068684199429
3603,0.6055863602715773
5562,0.5911953566380307
9860,0.2660692892841523
5362,0.6126751631392686
7193,0.5022289583658102
2480,0.9014526671316009
10732,0.7633677046634755
10226,0.7318055549096087
7313,0.4603683455183945
9929,0.6056920086855361
7017,0.2678190751344444
1715,0.9484665888080394
4710,0.6162736255734907
2785,0.9051384355731011
4602,0.5762734655165372
6674,0.42701889695847983
6419,0.34832993345924423
8752,0.46062503176760705
3731,0.5065144532977335
5672,0.22013836134770765
1043,0.9292964525139061
9825,0.4023524558257449
9915,0.6719343991217316
7742,0.6806137723005505
6490,0.7977359426537584
3913,0.5986399772640268
8811,0.4017138033908497
1795,0.9481789788042186
10429,0.4113925109028649
7987,0.43840724905818684
5737,0.44519975638857895
8480,0.3760896461615657
3335,0.5414900135969518
7204,0.5264731553667339
7540,0.432972081420203
6292,0.6642236151708747
7252,0.3080347612317364
6670,0.2222461313495712
3543,0.4295361765592213
6585,0.5131366368446633
10119,0.3462917529219438
4476,0.6570460182524139
10587,0.34188462199861147
6044,0.46610157260495483
7273,0.4087003656716563
7419,0.7120578230280319
2641,0.910461432647305
8023,0.6523666399783813
9036,0.45663710652753353
9957,0.7315011143491812
128,0.9439057234021596
5711,0.5382997862374587
1444,0.37453529965534593
662,0.6333321866324338
4246,0.33763053489249795
9488,0.328163152773546
7995,0.6615071511864177
6356,0.6967499834090692
4218,0.28621384229537955
4300,0.5496726020050966
2503,0.9666355617777462
3492,0.34075888720587644
8048,0.6398008681942313
6261,0.5557884317582978
6299,0.4052031453057223
2401,0.9195221293448992
9073,0.526475864730371
3922,0.4503865077996824
3968,0.5265590987401614
2737,0.8744979190187067
6547,0.6398796630874224
7695,0.6700269196659677
10898,0.5868573116562674
9315,0.4334856175270637
647,0.9510514491823483
9521,0.5838883707623794
2651,0.900356041447307
5473,0.39686690381175355
2107,0.7877879814198733
5174,0.5221843520272733
10004,0.48193987534467103
6239,0.332539949506073
7140,0.372538911901929
10760,0.644102191088789
5371,0.40083893559839257
5698,0.3192046646006046
2961,0.8555100729696554
8198,0.4415960342714377
7748,0.5153689743859283
4114,0.3748302809080661
8636,0.505694762879658
2418,0.9096186917826221
4438,0.690495194436657
7406,0.6411548783916077
3121,0.935785401155663
9736,0.36342823205233793
3833,0.2651701666134197
4515,0.226708546744952
775,0.9571583724013362
8200,0.531266011895947
10319,0.6799116548181026
1778,0.9412799087573809
2182,0.9579465172586854
1174,0.7333751896512732
8597,0.43603760723788276
8504,0.6855621009607507
10098,0.33215225372156276
7803,0.29282395066555317
7457,0.5225610262954505
9109,0.4214476390353327
10250,0.4842820625829214
2203,0.9029858196239916
10311,0.5556130397580666
3971,0.49048776528595195
10436,0.5413231930279209
5012,0.6805847915056948
1261,0.7707071169391313
1101,0.863287192506191
10665,0.3986011618307008
6431,0.3415165438037635
10895,0.5309823304022591
8430,0.25694534469957453
8631,0.5600706573161532
6690,0.4626543767550402
823,0.8883362926229053
541,0.9498459762004061
7007,0.4470121647757406
51,0.9270660906037784
2314,0.8685319311563766
8699,0.2533818950460732
899,0.9052926830193568
6122,0.3115527560971771
4613,0.5796748537752308
228,0.946234359832202
7936,0.34132942519352893
8551,0.5597141634026604
1654,0.9342552999681217
10306,0.40947234400395843
5742,0.5565482816358163
1729,0.501082745889452
9364,0.6511573419738037
9174,0.4152124936159886
5305,0.6391438668322508
9732,0.5460135117938153
7971,0.5317379117617753
8384,0.44887759806340954
5459,0.3017538886509191
9752,0.31362856438829334
10875,0.5028307084045386
1062,0.9231802434087136
10261,0.4024670616089245
9647,0.636628495481047
3374,0.5882681319427195
5244,0.47956419473762635
1106,0.9190757319575702
4666,0.4249745270048843
7386,0.36006146301204806
2624,0.9614548330546835
8435,0.601749693339357
9253,0.5469246004307224
5486,0.7272808752452056
4134,0.6640276094198524
325,0.8600933008655957
7538,0.34216793140174834
3915,0.4433759126535277
4305,0.6237427071198559
2367,0.9237040921994487
8177,0.3265088336634162
9980,0.6118948325759865
4636,0.2303892735606437
4797,0.7445126183071354
1417,0.6877937411469547
10378,0.3633564318405875
2296,0.9073749861888016
7525,0.7052294033366483
6195,0.6413173436145747
8067,0.41527629377660946
2674,0.9553523236125425
3097,0.9680089490166641
1787,0.925558120765605
9347,0.5807803697457297
8594,0.35710439142194966
988,0.9171988959900234
5971,0.4199584533551847
9615,0.4706420250129341
4804,0.5440551364585746
3647,0.2988310567195198
4668,0.4797983340221465
10940,0.7446981725786148
5051,0.6670008735748899
1904,0.9258027902729254
1671,0.6628766112643437
5134,0.4459084856993469
3857,0.6628106460604555
8387,0.28947505291958187
985,0.9587545629577964
2018,0.8389561642373273
3343,0.45304084670545763
2340,0.9066936510803036
4824,0.6005945868185306
9030,0.2537311758981711
10821,0.560013285726199
10808,0.7258860297200425
2143,0.9249654259241233
10407,0.3602503304350826
5874,0.5934158753727817
633,0.933857926982287
9126,0.30789091404511465
8265,0.6434346085516082
6886,0.5362948288009792
6178,0.5794357993804566
4992,0.7149891607839237
8274,0.6992720662797803
4058,0.5906842472326284
4750,0.37844301429414723
3573,0.3773371613988302
10036,0.5980867444075745
6065,0.7056267515571385
551,0.8966561880182966
7725,0.48483916633964663
2211,0.949083913674685
4399,0.5475740509064377
4629,0.5311903844614074
2499,0.9245923728183643
6237,0.5984406841829345
3996,0.5663017345802367
3688,0.3356103334982828
1508,0.9519804622931267
5869,0.31389691553246957
2213,0.9164653191361443
10148,0.6876477532098101
10713,0.7073110143448844
8122,0.4157622220514025
6716,0.46481967742653607
2748,0.7350650650467565
2009,0.9485764321469576
9299,0.6794779449265506
7285,0.5935291679385053
91,0.9488694490937796
3665,0.44396257976678266
4000,0.5864424204155134
1626,0.8929148401430185
6248,0.4608172918887614
9295,0.3693111289369711
4894,0.45799362755438827
5131,0.6069987578105132
3438,0.3389982232177242
9849,0.623304520558083
1517,0.9188258482171686
7563,0.5204419871274857
1925,0.90293080414761
8611,0.7187425584877711
6481,0.6120718585823541
8560,0.49062329507121
8994,0.5221227156478799
9154,0.5815616253683432
6488,0.3741594595105618
10236,0.36092780521128764
7393,0.452300272998566
2989,0.7209753053393426
6460,0.640121766745166
3146,0.4703455575577422
10284,0.4014360903366675
10595,0.574785846130781
9636,0.4968769947697515
484,0.845225099323965
1792,0.9587093250194639
5752,0.4540538006004501
4193,0.647991340725766
4427,0.35398629654665653
8167,0.47070772686884577
47,0.9521938272431542
1151,0.8282379198562589
2238,0.9635163114879264
3735,0.36886963333636985
770,0.8232721636509621
8613,0.6612614398563351
5418,0.43115150730095564
5880,0.45883267810925726
3126,0.909039414093546
5764,0.5783686174433199
2278,0.9212511146383254
4542,0.4647042844261137
10237,0.6701634263739853
2702,0.7939651986792313
12,0.9062405682343903
8674,0.38053412487867366
8999,0.3921352027086834
2404,0.9307274973908399
5780,0.5661321577292241
835,0.8609826326488503
10880,0.37377048871740937
6827,0.49803039348704403
4337,0.43990645766022485
10219,0.6331565068199959
8518,0.4940633520925469
331,0.9196916611758591
1563,0.9526673647821988
1998,0.9443103201329652
7777,0.4036526555564845
9305,0.6259698845970476
9606,0.49468049660293656
6360,0.5596468064725708
5443,0.4659067071620356
8080,0.47324139882552757
2616,0.645459317038294
7235,0.34558436187736724
10258,0.22663686028743482
10468,0.5551230072291962
2446,0.924292779077807
10535,0.2794857078441135
