cust_id,reacheYN
2350,0.9430417874158675
55,0.9314132230038608
7396,0.6546966420596605
7408,0.2106333907914826
4577,0.5196722327797207
560,0.9470068376992123
6255,0.7335101879929288
2476,0.9368188111299198
857,0.9418713502422337
790,0.9247004383134245
3460,0.3828198001725938
120,0.9373777028282644
3305,0.14897233032444038
4571,0.293598360532249
8417,0.23049690019686417
5994,0.4207118862286384
7150,0.5456936009938679
8035,0.7726551297174774
5105,0.4910107678011144
6048,0.769325126848153
3352,0.58675185737719
1832,0.948391447768574
3379,0.6025988493340313
1792,0.9207694332931095
6505,0.756539226851312
3099,0.9468280175480134
10350,0.629892706405775
5180,0.3616615978291989
6841,0.47997368105146426
7288,0.447033791055435
4287,0.3798846245901164
7815,0.5425040061339975
9638,0.46229894603867616
4356,0.41882727901003497
287,0.9348832733103468
2585,0.9411308028557603
1491,0.9354450139713316
5107,0.34850805592141043
2853,0.9360314985935748
2647,0.9288548892994135
4703,0.4602265858742973
5077,0.3259561286816703
6245,0.4807293727586298
5655,0.5154400715705322
35,0.9375055098272996
3195,0.7653116377617256
4280,0.298230526010879
2172,0.9250546598117679
10362,0.4389849892105457
6852,0.33577890187611814
2133,0.9468805307194115
4051,0.4894785876340173
2116,0.9224641781660096
10501,0.3936647495508276
3832,0.3752323974899979
8226,0.5776475251272885
2553,0.9363953885606133
10626,0.49743928744921656
3486,0.4161105706878655
6331,0.5841281298983896
3193,0.5999962958417341
3665,0.38297975639790177
5003,0.5409768090761712
4478,0.32858849184358596
3629,0.3605323142022814
168,0.9330603635306537
985,0.9235009661054503
5779,0.4938258892217559
3849,0.6279630182693853
5123,0.2806103243385262
3589,0.5340453030362861
3205,0.3549640436244784
7252,0.4754653448891101
4858,0.46450988282394784
3614,0.40453415857008995
8367,0.4723566413142507
7567,0.24333823951661718
5876,0.40158875707258923
176,0.9332243196711147
4720,0.3621494611763194
9971,0.5637932352962212
8105,0.4196056797713506
497,0.8477024821280492
5454,0.6297083214873701
6061,0.3637690856500624
8614,0.5731841344015604
2436,0.9442461231481186
8282,0.3536167494267132
324,0.9220295303900119
7023,0.27518581395952557
4240,0.6181325738946039
9602,0.3321212722328657
2301,0.9409506480929415
6406,0.4494852694788226
5453,0.38999555324500956
46,0.9425196044941584
5560,0.34468330173083267
8058,0.5553575568147584
4690,0.4452798753160369
6164,0.5022617707448012
3296,0.43251601272026446
5429,0.2870838903033726
4071,0.2582609420460093
8395,0.3706016596544855
3698,0.4463732252409695
7890,0.3097094826835231
9262,0.4912117130084125
8793,0.34988786877692624
1678,0.9308434267995435
945,0.9510782070572361
2745,0.9470936024027519
10125,0.28189584211802865
3502,0.26370955399727475
6316,0.6803647533647266
4434,0.29078257419139186
5392,0.4217053533836163
8135,0.39269538732596987
7547,0.47929814380918895
10224,0.5261294463050579
5963,0.6374461037208928
8304,0.49425340639387316
7407,0.4976303375074041
9527,0.53011315608531
1596,0.9226265574560134
390,0.932616433861925
7714,0.327438465609486
9805,0.40286874160603986
8031,0.48023011998358783
1910,0.9381700032340538
1791,0.9499042916963044
6321,0.5100696228756999
4631,0.5829349182284264
10985,0.42246991427575686
8759,0.39966697869164436
1490,0.933859535266598
9309,0.40823157079694966
3536,0.3631788998687513
1577,0.9415378145181365
10865,0.42051019557464525
5999,0.7124078400506118
2200,0.9320436984580439
2123,0.9245591725083088
792,0.9402349428304141
2245,0.9258387312483113
10252,0.46430342831916177
302,0.9367946365814965
6461,0.3688410841618398
1719,0.9348828249678086
9031,0.40072593278530416
2687,0.9369559952592529
10518,0.38726539953540745
2449,0.9405102724687031
7411,0.5387364481683845
6451,0.3007220121693102
9429,0.511390065136052
7198,0.7395532841955919
2542,0.8941519443058977
1741,0.9326944010331084
5411,0.5087522573201485
1648,0.8955804908406267
2974,0.9354833246733706
1508,0.9283995703285232
3619,0.20867662122323763
6482,0.4439133052503266
7657,0.4208134398940123
5360,0.6167342556745121
8234,0.5135106251407775
6682,0.6344850790709543
131,0.9480018390388392
2640,0.9346876603540089
6949,0.42019494275499336
4128,0.3620313399117296
7620,0.38472422811559764
3104,0.941398636538998
10502,0.3862139472630246
6446,0.6648867978908451
6357,0.4583639222211524
3006,0.9095909174694153
3917,0.4910492634323249
7744,0.4977641357218428
584,0.9497521158778981
9459,0.6072159362995273
5396,0.3303306195377635
9564,0.25324747437955625
1399,0.9315243672857837
2968,0.9050074688857673
1633,0.8707061825406629
8048,0.28344415417802754
9408,0.5889316714073438
3990,0.46127688557672736
6609,0.7084092278527542
10606,0.42742384802399475
7659,0.7417460928986829
5370,0.5177077646300704
7012,0.5428365772144246
4751,0.420897866683087
701,0.9267915313578097
341,0.9461386999416634
6303,0.6457080961870233
4865,0.5458833149662845
2855,0.9417172332324787
10269,0.5406269990145395
6480,0.5926544154835973
1851,0.9227742762770837
1347,0.923744237386312
5332,0.28674020443705456
3376,0.5646534866457156
2211,0.9246486658663928
8001,0.6828474154130222
95,0.94038436129739
644,0.9366544576334372
8160,0.41194030495581363
765,0.911963076484698
2279,0.9391900514706749
6456,0.5266895484829622
9168,0.6663231156568327
6390,0.7221415167823465
8407,0.6548786321066872
3889,0.2778286828740422
6567,0.4896178597936941
443,0.9383367719477527
6923,0.644213415138267
7603,0.4930030169828978
9213,0.6571386623066948
705,0.9524137579303756
9246,0.534063110368073
9911,0.40804774820778084
7,0.9442870898673171
4411,0.33576896524245725
6490,0.5365218909692977
7065,0.45882714501908795
7555,0.5288816855761364
9293,0.6738091628974334
5766,0.5106741277831172
3854,0.5284930825481737
7294,0.32956875143694
7528,0.2982318865292293
6925,0.7252316556852216
2507,0.9334438147343137
2144,0.9448266178837089
10617,0.3521081903167838
10576,0.43054445519865775
29,0.9180042949383012
2431,0.9418511762159073
7790,0.4729054327781686
9961,0.7143872710585801
2489,0.9409602233399776
8715,0.6333508536918807
3780,0.7975490512592944
8148,0.5263646209847084
8478,0.40660388758109783
3258,0.6398325495250629
8461,0.571889525356928
1461,0.9437747913856748
2668,0.9463661483024467
9023,0.5757603869759873
7131,0.5142196359111518
5235,0.5229111430778294
4105,0.24480395747556533
4438,0.32538567135604035
10159,0.40893100276869926
8014,0.3661983570563758
5873,0.4590473753145257
10207,0.49856923658125185
10006,0.3966829813070905
4702,0.25312147564662923
3877,0.47118074000766363
5564,0.5048764602003372
2286,0.9378374532615124
10170,0.4684014006272328
1869,0.9469843421383234
6757,0.3078686178439335
954,0.9424808925574846
760,0.9052065507919076
647,0.764227188229306
4350,0.2880038200777668
6397,0.4400823923545759
9475,0.4573662810951116
5368,0.2176955622840706
7755,0.5634753790485139
2179,0.6686924605453035
10568,0.3161837545956795
6555,0.5337866218481236
9793,0.26935830874593075
203,0.9418923554975622
589,0.9381380548415337
6204,0.35813216443528506
9604,0.5006343800311811
5037,0.790780483850302
4505,0.39635803511427986
6553,0.6207247523490111
10883,0.454907432534399
6419,0.4709631633478154
6648,0.33301012792533813
10092,0.29853890627730634
6472,0.5394933259049189
7139,0.6442526812246596
6262,0.5856271075328893
186,0.9440484065568818
8401,0.34443609977621037
6241,0.4697288632431382
5205,0.4493772399474953
10000,0.6131882376724334
5118,0.31197124386889163
6056,0.31366718224775214
3528,0.21597647574106374
1793,0.9411925216428476
1623,0.9317466084709622
10855,0.2555807432732181
3866,0.3528317102232514
8804,0.48503443158174836
7056,0.4332299058579655
8942,0.35620558185335327
9030,0.31725235034502836
4277,0.40568861233756714
2561,0.9399446166808197
2290,0.9303260389712938
10610,0.3597204404696723
6363,0.5068789949274383
1195,0.9286672463227574
6136,0.4054972171048817
4912,0.3880311034239324
7863,0.3305498912398425
5922,0.6023576365335078
10088,0.43463700106669967
7769,0.5603031718702841
8155,0.3420275555975634
8176,0.4299180272356067
8159,0.32494838614802257
1529,0.9417495814976563
4230,0.30238429991000326
2220,0.9141025147657593
10133,0.42472542928302115
116,0.9373365638097964
4989,0.641581133091075
5470,0.391496057988981
7694,0.5433433436210077
7668,0.5924831344958263
5177,0.32179243518567663
5894,0.2741315712311087
4153,0.5605499067325651
6846,0.5796999823705173
1709,0.9424575016430767
10711,0.6829538960848647
5268,0.6038262093186558
7339,0.2894427990646798
4908,0.4020812430062872
5380,0.36325651822686444
6899,0.8528004569927842
828,0.926722797122332
4655,0.2824909201901677
7314,0.361106919805903
7988,0.5467535895685318
1604,0.9046440227324077
4062,0.4601387549727716
5206,0.40743080338792464
3666,0.6678904088737332
958,0.9308925184721878
1201,0.9256636795035853
2757,0.9347216584958222
6208,0.6091885325538348
9215,0.3143306811558497
601,0.943800117164861
8272,0.6061685274723944
6593,0.6560849729271504
9658,0.5092037688694506
4003,0.5215738471449437
9671,0.3945907848379437
964,0.9102254976406535
3979,0.545259707785661
7136,0.35198441435769223
8188,0.40741363996690666
7600,0.7032393816213198
7625,0.27584062871554993
7868,0.4557413162871624
5892,0.33251485187744695
2390,0.83195083068311
6546,0.5507225779916788
7962,0.6554754083524742
9989,0.5993271204788805
9797,0.37682302657082634
9166,0.555683331761704
1073,0.9479870484758625
8980,0.6527365376461952
305,0.9179054626649629
3923,0.2776781469213548
9532,0.381604507154206
9453,0.47212067422740417
2910,0.9386763713552547
6823,0.8071152718909494
6330,0.46831536199762364
2918,0.9308256277940297
6343,0.36324316497559095
2025,0.9356886519263213
10581,0.5412308147827077
1291,0.9280530074453852
7611,0.34815167903512567
10418,0.400014734053305
10167,0.45363809578540776
8929,0.3321223905700364
8882,0.3358247757166357
8109,0.5852351946315132
10755,0.7509617334936634
4806,0.6367298337272531
2735,0.9327850875365019
6847,0.46334246591923384
9590,0.3276334503673224
10951,0.7548277273190577
5339,0.33098036911023165
4009,0.2435990161522159
2204,0.9163293568919976
9760,0.5826832679174831
7673,0.5793982513815569
6848,0.5223914883072924
8237,0.41053964521991754
8506,0.40881945993039626
3675,0.35104627884329337
2052,0.9278478592218576
7328,0.2230324325265077
7796,0.3944470085731937
10664,0.37317472546026303
10977,0.5161015048406353
534,0.9408124297570013
8556,0.5268020655202098
1816,0.9297686882726085
2529,0.9508209900596776
6391,0.3176268301153636
2299,0.9273835177636703
5856,0.3273415571347346
7583,0.29769728705811027
854,0.9092520238484538
7432,0.327738865298499
7958,0.3544065538318619
10995,0.6855475405638074
5627,0.43753058748561047
6131,0.4722119351848099
2686,0.9380436794665197
10877,0.32538077962471795
9397,0.3963187210010394
8916,0.6431789997888507
5201,0.6072953365156543
1238,0.9493280052742556
6409,0.36098040229693584
5505,0.4919400081621468
5174,0.5502879019228871
4057,0.44525078533192347
938,0.8094795562518327
1125,0.9315309008023834
654,0.830069121613808
3498,0.6912540166730744
1589,0.8111195252751906
5998,0.5386334307228713
4568,0.3099113802280853
9871,0.5688541745468662
2108,0.948172094118229
3943,0.5105673485583261
7222,0.41175609847537914
4449,0.46057043437794415
8674,0.3492283488287747
148,0.9390274331539066
6561,0.6181500419136708
3267,0.4054134285551853
2061,0.9245883795490731
10387,0.39364360358759437
1880,0.9343793249801875
591,0.9400038581731288
9501,0.4135586474735684
6676,0.23119141422965225
6573,0.40031650703130367
9910,0.532720368265496
202,0.9489954645633855
4289,0.5403261716885607
1753,0.9252974338866176
10285,0.6478804160281291
368,0.877419467533844
5259,0.4136313841248023
5516,0.2790251443118464
6950,0.3053478467121227
3263,0.6589454999357706
5903,0.4508464958391035
10669,0.2518924530519301
7667,0.44822389670015184
1646,0.9493614082768735
9838,0.47384087150575316
6906,0.6952049198662026
3289,0.28798419638077155
3021,0.9435448199020096
4904,0.7662709920170453
134,0.8448466926364615
5833,0.30134791054934357
4831,0.2461719028562193
9066,0.494855114158933
2772,0.9406766817371615
10384,0.5572052331205
3750,0.7156636084499863
8504,0.33111320126328425
5420,0.5084790749138993
7259,0.6178205302434443
6389,0.39560240766359317
10561,0.5528312697734657
1331,0.9419290019064496
6547,0.5837320693962313
10864,0.6383064819794472
5905,0.43083991166122926
6729,0.6077387109971917
5279,0.4339317268589792
3380,0.28305469944674594
8034,0.67480313870529
6181,0.514403515019315
1825,0.9237891575817494
7730,0.7723837175446764
3185,0.5067412385460541
4598,0.44252857124405753
10589,0.3357003330810162
7226,0.3163008047381698
1956,0.9258486349151189
988,0.9240516131803129
4255,0.5309772726003282
3273,0.2748925860846671
1556,0.9435042338970607
10263,0.5338630885956099
10439,0.6898466627420016
9644,0.38332370275429545
998,0.9478397273403979
4208,0.5344405961750897
3345,0.41706907016740286
7857,0.3738985112736162
284,0.9221674228955864
8613,0.41359266052051674
9719,0.3718970500337753
2578,0.9339780915233381
1171,0.9278297050381703
4585,0.5510520680099472
9438,0.7110020939507335
10052,0.279662284454098
2742,0.9137248369374515
4267,0.3420154961091106
7777,0.574352974299007
5628,0.5986634936523848
4320,0.5184697705150099
1670,0.7773609561968806
9515,0.44742383855709994
7778,0.28517272160311385
5640,0.5352548790680343
8096,0.46020053945779743
10572,0.3778401488276735
7385,0.543741088524309
7351,0.26591565698752484
3287,0.6620113204801616
4496,0.24835230035194292
4232,0.5573167919299991
6499,0.39059272005151213
3,0.8021746584474629
3839,0.5712297688669463
3991,0.3535728003824992
9800,0.586299491028467
3677,0.6566603287583089
7324,0.3824479815039239
9358,0.4021602818557574
8491,0.35123559488156836
3565,0.4452079788673925
7348,0.3615370588122155
9679,0.32250450856577195
843,0.9326076256086409
3638,0.6863935827030578
5930,0.26751128353448544
8211,0.4828968204857646
4487,0.5106427320931004
5337,0.4914216573877404
2150,0.9453744311589578
93,0.9274136157285495
9230,0.7283490792491247
5452,0.5533910298728923
405,0.9421519279978796
3520,0.4516693507471397
5919,0.31747178241924984
8565,0.3664696172121265
991,0.9450630012214836
5600,0.4212838714513099
7461,0.43563774647209685
5143,0.2516389394784412
896,0.944952939384056
973,0.9438151572017388
3604,0.5212196443612768
10578,0.29808173135822114
9630,0.40609562033224006
424,0.9273289384709561
10673,0.5524588905236475
5722,0.3428383220891174
10243,0.5074414880039488
3149,0.4575021649839941
890,0.9460488780460761
6560,0.4631601029814487
8999,0.4166659010855233
4891,0.5224650829765327
5004,0.1762889326416257
7710,0.6443138597817275
7808,0.37019008805255443
10412,0.6060967669849017
8514,0.5335851107869817
8725,0.2477414092520684
6537,0.5060121177667238
7613,0.6469183658489668
3856,0.28843508990250555
10971,0.26392934133058465
301,0.9294949290640634
10833,0.4296040540647986
7571,0.4835345002846723
7295,0.43081205625037794
9912,0.5360185884854723
7612,0.4238331401976305
5616,0.43396841650609186
2701,0.8680711258296507
6213,0.7588834028909034
6947,0.3680240566787824
6759,0.5249525297535298
9706,0.5053625997628555
6867,0.6441017186839675
8617,0.2879616524055787
329,0.9281055058486614
8430,0.28411138955066606
5273,0.5739943657752381
4995,0.32783242133317037
350,0.9194584322567597
7703,0.4704497234926492
2583,0.9234498769481106
2790,0.9210037712521388
7968,0.4908571399554189
6616,0.4125769637587485
3309,0.3756698070548098
4199,0.42043828820574203
1603,0.6135761299654522
8471,0.522166161658014
4752,0.6039931285178689
9832,0.5311967573641369
9164,0.5107848359828518
9439,0.3261700918367282
1228,0.8844711155756295
406,0.9464541958020777
5732,0.3970266349326121
6796,0.5223074438352162
466,0.6391905232105484
6433,0.3176533638758085
3010,0.8690945279453264
9070,0.33833488457679256
10601,0.4708723392151583
4711,0.25416036631195466
3089,0.9315267490009257
9755,0.39332981872304323
9777,0.2306478131198697
361,0.8627472390093133
8191,0.5043055615070445
7679,0.25033884900651554
6247,0.4059862013976223
5226,0.3984291920908932
9597,0.5128544748843403
3144,0.30617470172665673
411,0.9307454633490222
2098,0.9448833794230673
7254,0.41574696843165276
4448,0.3455843044943198
6578,0.6839057156029505
10283,0.46478714787594433
7675,0.5284421802370874
9758,0.3772563720151412
1148,0.9472249321933371
1474,0.9308268760173078
5,0.9300353613514797
141,0.9334818697944347
7093,0.5199465341161127
2591,0.9386136606880375
590,0.9272261030056448
10527,0.45458056034318656
5584,0.42107106386023346
10773,0.5734660565586897
2426,0.9259103979831671
6783,0.22917912856943118
7870,0.4433710787358806
4019,0.5663412205882153
3514,0.3076287672986435
8610,0.33243091921341167
10112,0.5662456555232379
1567,0.9252506679102165
7584,0.29561019253239756
1187,0.9212457112058495
9407,0.7137806101325546
3543,0.6419469801552399
269,0.9477142761088431
6965,0.4708294171441437
1325,0.9260167764471219
3660,0.44472971122764776
4919,0.556503095788628
5041,0.40692569895134545
1464,0.898776633393265
9082,0.3642867667580441
12,0.8994040609791883
3167,0.4695255766263723
3299,0.6734695472953487
9417,0.5734077387461691
10835,0.7151803303679509
3855,0.6205793618406482
34,0.9328324495481521
611,0.94042751228456
1809,0.9470799571959855
10437,0.4346788768175478
6597,0.7141617543866492
7997,0.341619397807087
1882,0.9186672032126623
3657,0.39367954428192614
5055,0.4635262882173417
3527,0.5050733893109287
7687,0.4783668284512437
3948,0.4776395656319135
630,0.9400881721295937
6278,0.40466218813528965
4921,0.5546006788798549
5666,0.41204224497403524
7587,0.4514565834140501
9480,0.6329643788159373
3597,0.2912638868756711
8696,0.3193886756296864
8331,0.3653704384474925
2312,0.9423412396487029
9252,0.46677382742565304
2306,0.9325631824773452
999,0.9286719968299268
6813,0.5970800285089645
7795,0.5758031715549532
9949,0.5938537302632438
2778,0.9087151122893877
3560,0.4100090208170201
10890,0.6173292280787273
8961,0.5012280931683699
10984,0.35193152944199235
453,0.914398118704672
327,0.940804527591512
2281,0.93252392271891
124,0.7925975266000802
3005,0.9337761661677607
3763,0.44934121428596163
10997,0.599852809300484
6392,0.44981889001589975
9926,0.3012863602349652
6052,0.3608558323737362
4079,0.43870617200648193
4833,0.41048025373720765
9640,0.5351094111155166
9538,0.44931665023409645
10065,0.5579593018349673
6219,0.6677527755240366
4503,0.4834497380497271
2634,0.9282325701523944
2810,0.7985438096724896
805,0.9481908050597712
6237,0.2759961876504077
8103,0.4497765685481132
8332,0.6152704952356879
761,0.922669694116525
5358,0.6112699423437228
3320,0.36971920952265935
7789,0.47612057954970316
9851,0.40834046691128734
3896,0.42578452090595964
4981,0.43731671141345935
3028,0.9310515101725931
2466,0.9370661834774294
1751,0.8696925192236339
110,0.8983513167117384
6299,0.6755810286357177
4186,0.36995871900982713
609,0.9372619643768814
6577,0.43129292094915833
3339,0.395760084412367
3091,0.9288629525579886
8390,0.36968534585311985
7941,0.3045982345033165
5926,0.46180530126901365
7853,0.40996972459696057
639,0.9361762416754855
4252,0.4026133981617433
3817,0.444731314462469
10094,0.6077431883287158
1976,0.950802627791301
7821,0.479133216301776
9818,0.47275061470175944
1101,0.9405501067546671
3407,0.4105947552061354
10929,0.5327480759124393
1166,0.9560990333640002
6445,0.36261740858758046
82,0.9318017479376485
9786,0.41215177978025996
4084,0.46007630845616143
2087,0.9416810548302019
10210,0.49048611039790346
2046,0.7279274191718749
3910,0.5646620571613868
3221,0.3103467128097473
1457,0.9253060037288218
441,0.9500748367836945
3241,0.2635395170749427
6764,0.4495060731474111
9102,0.6842446692639076
2557,0.9291194281873074
3805,0.4141358141838621
2528,0.9350046386932681
499,0.9236674184798797
235,0.9466265800017256
1772,0.931524987627625
3323,0.35623961406468013
3518,0.564522521413331
876,0.9298516750473008
418,0.9398889234203922
8222,0.5253601373388231
8317,0.7070447823727103
4044,0.5235206889685536
6579,0.5263724661792595
8323,0.4704042345485691
1789,0.9351598050073673
245,0.7826670515769824
9184,0.6170872978786948
7394,0.5180810258420694
817,0.940719391985266
3697,0.33864712075864384
2897,0.9251226810707585
4828,0.3735541027804778
9076,0.2871137182997824
9929,0.8485161489919704
640,0.8841616419490047
10506,0.30701080627152905
6183,0.22034784286021242
6460,0.4172265380513335
7433,0.36050619096410363
851,0.9390858795083916
10310,0.601567680666311
8178,0.671467932321619
5327,0.3041268149032949
941,0.9248594343361473
9206,0.6358358729636231
9452,0.6211806690676512
3316,0.48620907951892334
9704,0.4575266647080347
1141,0.9310144984929597
5706,0.5731995890270585
7025,0.49924296816618013
2218,0.9104112300985491
7451,0.5874984355136217
2011,0.9237781040025272
5705,0.3834017608715568
6912,0.615794448875254
6591,0.6363163767512179
4247,0.30535510031486374
2769,0.9559369853841809
7401,0.6627606570297817
5576,0.359684527444465
2756,0.9553747307054742
8385,0.6031605450939598
10460,0.47213736090243336
91,0.920802266677143
2310,0.911972194549784
138,0.9290147441496842
2252,0.9352320349703956
209,0.9334424468127259
4284,0.48293403981077754
3761,0.4173749730611239
9954,0.3154047595044787
8862,0.3278529676547611
944,0.590448289737565
613,0.9268715594046528
4288,0.20543324572748822
4026,0.4055681849875766
2060,0.9349876610071761
2651,0.9380988361395279
3642,0.3812919456175588
198,0.7990216589227941
8480,0.3992214707839051
7423,0.825294915131661
4572,0.4689027945083623
8073,0.32497706993292613
7671,0.6613104272037845
6319,0.7531824050800785
10313,0.42899843430624546
273,0.9448565713227856
5683,0.3885155116902344
10736,0.30008888580644305
6828,0.43602011558557235
1828,0.9328995613838633
717,0.9305978064431942
5581,0.38182678138968573
6819,0.33056000856236156
2169,0.9311896964135532
289,0.9478744678364508
2053,0.9381516592622703
4563,0.7186313668888307
9014,0.5162883918010499
3591,0.3877074999847658
6176,0.5076922723775696
5981,0.5167737522803035
8917,0.5070117730432318
6374,0.3736885334147552
10981,0.5407719216635123
1925,0.9489133641106027
8707,0.5538379569531717
9137,0.6123220714572528
8307,0.3017264650514217
4334,0.3283733597319311
9007,0.5769686550916211
113,0.9438831074798283
3160,0.4572059558912282
1813,0.9304688424592129
6967,0.4560332692543276
5110,0.5102721374000907
2268,0.792940967546766
4588,0.36490441969223225
7642,0.33084193663930883
2891,0.9511264015579405
6403,0.47824118479742367
2641,0.9386599944978871
4406,0.48943233967032257
4300,0.3112706414563456
6294,0.6386321676075348
8754,0.4353272213302037
9863,0.5454031411280024
9583,0.5143356460927834
9629,0.5794072136395669
575,0.7623950214831351
652,0.8804181698745344
7201,0.7356010085985082
9615,0.4476740443691401
7560,0.4434376761295102
2824,0.9347017024403145
8370,0.5072580702001979
6233,0.38350261112478784
1641,0.9504983445158314
6437,0.35657880800460284
2850,0.9233179904102521
714,0.9429739131606407
2570,0.9452310126840113
7872,0.4726863203014123
2028,0.9234130058844381
4982,0.7453313146641561
6113,0.40272356678919424
10771,0.5671749953253151
9840,0.2627328596345057
6170,0.44232550953386707
5253,0.5288682041895945
3132,0.9378313977448621
7298,0.3248574512162985
3942,0.5737925329605834
7886,0.49303518596412227
4781,0.37086734391538506
10700,0.7423564831128772
9952,0.46128206894406615
9773,0.5047578201365159
5928,0.5496601553809096
8705,0.3283655610662097
233,0.9302029871578366
7666,0.47548405849452474
6711,0.3566472934140416
1683,0.8659387890000833
9263,0.35972530228342253
9864,0.4144634297776207
6762,0.5355111569989651
9650,0.4128647516429112
3059,0.7353985114996718
10926,0.6593483020299178
9424,0.4510153687626871
1903,0.9301749118073275
2664,0.927239343689315
2090,0.9120709535340576
81,0.9453250506518609
465,0.9220983532368864
4125,0.48209193347694784
9893,0.41359052655900586
6640,0.32715884398446987
8635,0.598154404397046
76,0.9426102599216413
3343,0.3496033043433796
3625,0.48031101345418636
10793,0.5908483479218194
9969,0.28346216906695504
9738,0.3818846857538839
9498,0.5678556220198983
10449,0.38924570328338887
9077,0.6746670236528027
8156,0.4440313773264058
1864,0.9234830890270909
4626,0.5869214114945962
507,0.8433855279754551
10530,0.38990675122649715
6732,0.6145074156824409
10059,0.48747493339208603
6234,0.442404590241375
6894,0.7938958444016715
768,0.8608159688370605
3843,0.3601590062082569
8187,0.37077412098029267
3524,0.5200189069873354
6473,0.428399775010432
3772,0.656814380660937
5062,0.5366909468687835
6707,0.5710688742698041
9795,0.5870971502583482
8648,0.6682858817590277
1745,0.9387250863254604
3438,0.33310498754023055
9601,0.5653255952982152
9170,0.3844397225461518
8790,0.3162557707875192
9925,0.7299639041675552
8734,0.32450980072564145
581,0.9283133186580402
6940,0.5652605569642765
3271,0.4532468695978366
5179,0.31375668311113714
1747,0.931209662250873
10697,0.48522736120490173
5014,0.4384215291395547
7800,0.5538291852788394
3670,0.37836274841934325
3851,0.5358315865771972
7724,0.28219093635935777
4821,0.6948374055500034
2624,0.9272080992194945
5727,0.6462538669399739
8761,0.6094822254293194
8835,0.48706204120098623
7843,0.3287391983739331
1110,0.9275428218088013
5393,0.4286380379056739
431,0.9412812161360404
9133,0.8070031443975876
7248,0.4418995807601172
9737,0.6831234682554891
3521,0.4239961373332239
9614,0.33891039120642763
10258,0.37788866000300325
522,0.9160227631776396
2782,0.9408332022227699
1224,0.8434724842483461
5967,0.33474690649562877
3754,0.4635134190520955
1012,0.938042297392149
4757,0.5522077578373964
1602,0.9253395190351935
9073,0.3991868234170243
9991,0.4443136720460117
1340,0.9152292147742545
3249,0.4726509926601264
514,0.864911118656111
8982,0.5167912140673705
7928,0.45063158804129044
8210,0.3914821853028968
4793,0.2979276450600297
629,0.9308954791615032
6458,0.6408086538951829
4578,0.4247206096825719
8825,0.7137128844706009
9356,0.37354101238752874
1192,0.9188430504409905
6930,0.7819089472163561
2736,0.9297305665994986
6091,0.41120468821916567
9419,0.4029961174517905
3388,0.4382583594504498
4096,0.472191168751659
5813,0.6475537231895327
3859,0.5388746502255619
1026,0.7972201447448485
2506,0.933066893873219
3076,0.8576168361054557
677,0.9293810507836546
3662,0.37848016343998964
3469,0.40376103028891897
8371,0.32088755791101403
7148,0.269052382677253
10671,0.7292828438168678
2533,0.9283855498774454
5497,0.5358826678188483
8224,0.5380533370151497
9233,0.48257262048494765
3682,0.5931932206894035
6134,0.2351607716080404
8770,0.4762474410340465
10105,0.4312996835444094
10177,0.31692144602447403
2593,0.9449354291775017
7595,0.3475186574389903
3645,0.5394723598459527
2956,0.9171351500338822
1954,0.9235438841448939
9593,0.3443306553593947
3242,0.641206294850642
508,0.9346580885052722
177,0.9454948703279882
8505,0.32712143850667674
2881,0.8218267845485353
8870,0.5129048637334405
2794,0.9483291462076199
8447,0.4864720440441039
6571,0.42717344943674
5178,0.44521674005015927
375,0.9326808587783801
6686,0.39979392672234276
7939,0.3979092588811755
1329,0.9354765729808817
7133,0.4293842991824459
5140,0.48778245952155513
6062,0.22581573384403406
7818,0.2293262511319868
1852,0.9302763280361633
1162,0.9302979441949183
4011,0.3194534008489215
8273,0.5581002215923491
10244,0.6034068761306041
9788,0.38948858503135364
10720,0.5050835138995015
7485,0.5250650930355093
8247,0.4076791307984269
959,0.9281937601437545
845,0.9286834436005489
8744,0.39053705639456865
5137,0.43629650399436404
10956,0.4658712168556056
3392,0.6169681235946661
527,0.9321068906554874
10440,0.5380916706797746
360,0.9334127284663933
6742,0.48919359862463163
7094,0.4081382707351764
3976,0.44689551643786235
8057,0.5830844611035446
1097,0.9454947138710221
3041,0.9245039074955763
10661,0.23540934433834787
4809,0.7917428149839972
8566,0.40135696610174665
1881,0.9300188076234424
5353,0.45169798329366806
6410,0.6488835445381907
10716,0.6439371906133733
10208,0.5454668220068464
4820,0.4350640779403573
9748,0.4136215463727151
2857,0.8990458539963828
3993,0.48493539161699245
8858,0.43354218985065185
398,0.9393757223966117
9879,0.6810607660749948
7398,0.5165859684312886
5865,0.6925165083802529
5321,0.6231039138390276
6671,0.5592580714605774
5902,0.46610382227989916
8769,0.39076578984374083
8678,0.5614353065922203
1437,0.8978702838416359
6452,0.32083474155661934
8131,0.29022365627201746
79,0.9235591615723694
2969,0.9351089426655976
764,0.9475846472234739
4825,0.3582861167870078
7719,0.7207766577594984
6182,0.1618781496394239
2367,0.9257259752833882
2340,0.9283928586039407
1564,0.8173449068328071
10118,0.23611781766641898
3355,0.5629948318637183
10288,0.4868523239432441
4248,0.5191705072181007
5987,0.5591137159739819
853,0.6246689230834925
3796,0.43246711299891133
8947,0.25949347714316523
5261,0.45847941858088276
10466,0.5704661086626219
3308,0.5464185680199716
4319,0.4245664157105489
5250,0.38519341578956084
8355,0.47563099700159417
9425,0.6766004522854697
4780,0.6077570966313395
8279,0.568738095996979
1945,0.9420486199028731
7926,0.6103086800173613
9444,0.5668682975406798
2326,0.9340256940753915
5263,0.7396795631489891
9394,0.47118275822122796
5128,0.7572979551803025
10989,0.5943385576304345
8275,0.5604763638567505
6495,0.2624927536348757
6137,0.6193563690676932
3146,0.3022394426121193
6345,0.6807716495295193
5720,0.6827256554689713
3454,0.5071901537711454
9220,0.4792594325709494
4458,0.49685114731816504
8198,0.4641751465244454
7579,0.4109686505507368
5403,0.630859435915142
193,0.9424112739696455
2827,0.5734155641621348
8605,0.6089953883112746
4569,0.43143445474146164
3107,0.9317066960912627
1795,0.9321128520555796
6489,0.8058960996614714
6327,0.36170056746664137
5615,0.5009757631759996
4932,0.5208803488753116
2332,0.9264212470897092
4308,0.5898146668647312
3752,0.5553688702660984
8950,0.46193206837647405
2048,0.9361823453905
8098,0.7041398077765185
3227,0.45987693065097
793,0.8884780712411213
618,0.934552147446125
6464,0.3351993788553115
1526,0.9268771841353232
4386,0.49719505399543834
7527,0.3129823557578418
653,0.9454792000425302
9905,0.3096185215685234
3980,0.5125112488446283
8831,0.5095130636747621
5997,0.7029963041773746
8549,0.5419206593890948
5936,0.3350589595714737
4958,0.29984344333650365
749,0.9301368944959152
8626,0.6285495191200484
1237,0.879782271985436
4678,0.560145980019043
1702,0.9217111693012631
1609,0.9212904923813571
3873,0.564309462508511
9836,0.5357930769280148
1328,0.9324020778403781
8933,0.7314626171005304
8993,0.4668452123402309
8727,0.5457715753061101
1855,0.9353098997630105
1948,0.9391188467257271
5895,0.654275620223881
7391,0.30261335348117163
5644,0.44881666428685196
10853,0.31312033015597945
7740,0.6293065279559316
2082,0.9325490194423375
10108,0.5362243010203549
5230,0.4668789548835914
3585,0.4193057124164075
6566,0.2988236682514488
10272,0.3776345055263056
7325,0.36097814544443113
6907,0.4996507215252024
2272,0.9335441989273433
10326,0.3820474478349261
10216,0.5198609759974129
2963,0.9359451252126173
3162,0.36427364571633214
1418,0.8926870137630973
7534,0.42605804562935545
4546,0.45510417144038745
2037,0.7961505172125958
8277,0.4946722333520857
9132,0.5485117284699095
4102,0.2935746421496066
10532,0.32304977896794534
2565,0.9265950351438851
5990,0.5298498446714758
6497,0.35171814579343086
6856,0.3212557977137108
6859,0.6500260132620108
583,0.9290434496510181
8400,0.5030436370368856
5631,0.5050519349259517
354,0.9435910688203087
1530,0.9165577384230553
1629,0.9505183906141726
5656,0.5069785092995254
9617,0.39182809621583053
3128,0.9442957853004624
1458,0.9206611663148255
10292,0.48861604217009114
3080,0.9406893349998422
1879,0.9435065502151085
8493,0.49545815960304446
4583,0.4399459279291032
2139,0.9224770052288516
9160,0.5459725967100183
6476,0.40093223054129157
10850,0.45471597528359914
7877,0.5610078961859425
6249,0.5754996577109021
9244,0.541704781434816
1588,0.9172610321976401
1496,0.9271343139469874
3252,0.4499722805963992
7321,0.2860673839987364
713,0.9240155610297908
4687,0.4494787878214485
9835,0.312787148009937
4538,0.4788781170773687
5625,0.35415755616028166
4134,0.5308814050355752
7898,0.48967334407124974
7415,0.4203685340610179
423,0.9427968964801681
4018,0.3318899471964023
7209,0.5574359674213254
8915,0.6363036595578186
3016,0.9274004447310112
1601,0.9304448838276648
7804,0.500681542945515
4493,0.41804174557277274
7129,0.5847213204453006
1311,0.9497128104511984
525,0.9462311186912931
1246,0.8751643632619388
3201,0.641645096147901
6839,0.5871421202974001
425,0.9500916445426931
15,0.9365567089786713
2622,0.9416831918283035
3136,0.4341200551774358
9796,0.2915779563908298
10116,0.3504919044078916
3692,0.5072099146476305
1128,0.943618170886895
4651,0.40883957142094035
5097,0.2643727404449745
2456,0.9446223165993397
7855,0.5531041089918755
9218,0.26669722034099513
4719,0.5308135011080495
4360,0.33566909626702096
6342,0.3801796302174111
10958,0.49974414457453975
4076,0.4442050029330083
10979,0.32938376636921435
1981,0.9156324627922184
7329,0.5491692852897062
9316,0.5824006478770325
8962,0.3855636251598472
8502,0.4562622565694049
90,0.9319687555553482
9043,0.4356063914669237
5305,0.4960862606951815
8848,0.6224227153438597
5254,0.5288181208183178
5821,0.48913199405481306
751,0.8638502654892433
1783,0.9363867123945212
10002,0.40672907068765596
2547,0.9243354651629262
6562,0.5666389355131856
7053,0.6274944937763606
8203,0.7027166078993208
10976,0.6675034749156175
5534,0.3820228988198122
7957,0.5536022876041703
7475,0.5291656004534736
2912,0.9259605964318276
9914,0.39911248154842033
1647,0.9414760538232166
6850,0.3929303439066145
4763,0.5829505222817973
10429,0.44664811992330183
7628,0.6148421794125726
8851,0.4113019118679214
5481,0.47626641531370756
6942,0.3936719569525757
8679,0.6128568329848403
10907,0.6297851791956816
8981,0.3910725039803036
3174,0.657491947588375
7045,0.4621556839065082
2051,0.9257170573667043
10434,0.568467046095542
6874,0.5915592250598816
1921,0.842512932767668
1426,0.8961351672569766
400,0.9267377343912062
10348,0.3851595394258458
6670,0.42136388919483586
6650,0.25345403425578616
5052,0.35425433985694116
7531,0.35795021031482355
578,0.9312412407661926
2940,0.8680370025362608
8153,0.4800641326253646
4930,0.37213256650200627
5549,0.45281594023188043
5538,0.6206750678123688
8975,0.48616372729847956
4980,0.44887731464679786
7165,0.7937868449474103
351,0.9428778055141512
1947,0.9470493261592258
7478,0.3673561844876224
4784,0.5296016195994319
2558,0.9416323044627319
6429,0.3628742546934422
1156,0.928592836795041
4327,0.26170991249396053
8112,0.7031594310262343
8003,0.6640846055480966
9056,0.469538677899229
2930,0.9314122552184706
8342,0.4665279313957882
7799,0.5149852741684913
7921,0.4622355662426375
8293,0.6851498423927128
7015,0.2887631299653119
3947,0.6752153002701112
10754,0.266954863470139
6604,0.6222410692029546
5559,0.4490739392524829
6394,0.32558452238824626
2013,0.9388820131681361
7794,0.36784270222841614
7141,0.37900252985949323
6250,0.48994240632627944
7554,0.47903451903109545
9162,0.597262144053963
5507,0.3407778140741571
10646,0.5378844456775811
6466,0.33752711795004864
9799,0.40019264851731723
9254,0.6841137815661402
5444,0.17443226618322755
6525,0.37519331655082905
9710,0.33471691132737746
10940,0.608204089350828
458,0.9366529671013751
8170,0.4052501447337636
7059,0.5507099698407764
421,0.9407008876093788
10026,0.5359005418634377
9335,0.3905382494825699
5524,0.5782692830747099
3648,0.3441882252674208
10422,0.5273730901352123
1193,0.9410817903811173
6582,0.5370989850471164
4739,0.46571673858203516
5499,0.3445382278302922
8092,0.5139460129991974
156,0.9152722057519247
7519,0.5897987289676837
6211,0.5852419349792392
7371,0.41459303212728915
10713,0.31736696207674303
7341,0.3645008959499051
1728,0.871528554915003
5775,0.6390332245845449
1324,0.9391612268463829
2105,0.9257131906272698
5194,0.529193785728897
6272,0.44560014650397134
8053,0.5111343458116923
4826,0.45944786108171476
5563,0.6584125033753736
8965,0.290072545338404
7464,0.6564768328472654
9712,0.5927500547258346
4963,0.4547328808329906
6019,0.38561778316526296
10301,0.44625884502662677
3375,0.45177490666145004
4527,0.33114864008311284
1350,0.9337906074640978
8873,0.4547228030022826
8161,0.5611311695399032
4604,0.3041692638690626
1865,0.9432008276419785
4307,0.3342632823455467
7330,0.41691391743158074
1872,0.8663022246952432
626,0.9215948208754312
7640,0.28755118352617315
1117,0.9080376192051851
6526,0.36143588402487115
8121,0.7313849783815145
2576,0.9269458026740134
3929,0.2869785598786066
1765,0.9377433409123712
7974,0.4053413636094381
3461,0.3922743745526375
1547,0.9384765386821515
4617,0.5785320402388721
6868,0.7031506130419569
556,0.8630231690839458
797,0.9353082277155208
3229,0.363578760436241
3581,0.3647132705254371
4379,0.504536138768406
1732,0.9437436616749856
7551,0.6986420131233805
5119,0.3915354046128277
3684,0.6012387925829075
3553,0.69649867318869
2038,0.9356776756013757
2359,0.9328213599388882
4017,0.7200706814648463
8335,0.31882987826242565
365,0.9427633291779138
9157,0.4786015686386637
6879,0.40830536429963593
8723,0.33132037966696043
5759,0.5588703233598222
4676,0.5927079858973187
3885,0.28334519001305963
10764,0.3469760937234844
10354,0.5196313775008959
10103,0.24658649106001224
3739,0.25682359776660574
9643,0.42603978038669993
4338,0.45166612716112475
9785,0.19304817940428448
8896,0.3967737588125764
4467,0.36337013006521224
2603,0.9218358617248477
5057,0.5667234299587852
2255,0.9325495376245927
9451,0.5134632767437665
10284,0.41204427863108173
4427,0.5088590622364244
1974,0.9232906475497742
7403,0.5843949832538953
980,0.9384715874085325
5369,0.2567330341635466
4804,0.7902541828547641
9282,0.25144827749416404
6109,0.3363362782797304
1473,0.9475168618137606
9513,0.2909116070230415
9174,0.4488014054004967
9697,0.19977873430317508
1673,0.6466656542680873
8486,0.28334142862861883
7130,0.42799706050833564
6946,0.4604480322415335
10961,0.2425861071520533
6274,0.473202033522779
1367,0.9466971858894571
372,0.9279819366436128
4377,0.7197126535096093
8205,0.5186844087787977
4420,0.4565122958426494
7950,0.48883046258514457
5400,0.474880060998232
10780,0.6257514741362334
3758,0.4171302527083254
6068,0.32796107195234125
6063,0.6020210240757792
456,0.9428830746669712
9012,0.588799524808343
10275,0.44302693411136945
2409,0.8763476560096939
6160,0.58127640232539
587,0.8193749185971178
6727,0.4289504672248282
3036,0.9371671942141938
7607,0.4674084358920235
5084,0.32856392196530804
2947,0.9347631336218084
89,0.9187342163023707
4048,0.5170691799165945
5978,0.32418870340329375
4239,0.5590468529643501
5484,0.45394872593781865
5684,0.4150351900321116
6059,0.3376983846208186
9519,0.31192176711112024
3234,0.4342193217656766
561,0.9295453249367431
4521,0.3857618460308152
6326,0.4401373353244883
10879,0.29555768416674905
5681,0.3386328437385393
7087,0.4084920523467768
8384,0.4600726133584319
4357,0.6514137370712433
386,0.9217951672720917
4060,0.5223519007199362
1524,0.9258304867203663
5185,0.4600308238829069
7501,0.318620212407026
4730,0.288292834716313
7278,0.42518135496889164
3204,0.6246078916562124
5100,0.2844811017243037
4451,0.3567528133302623
7334,0.24076907932237232
815,0.9394153838420519
3024,0.921819168662105
4710,0.5466234642935224
8018,0.20992427488256885
8758,0.5313274086657653
4731,0.44560413095540524
7395,0.47439554686267993
10546,0.49874394453555204
8550,0.29632602781642925
8477,0.43172744456980305
7113,0.2866341351077684
196,0.9427340793875548
1667,0.9276828611503348
4770,0.4434706018035468
5711,0.36695496153320395
14,0.9373764753385846
5422,0.5202090182366592
2531,0.9329257295344148
8006,0.5446089140570134
3617,0.46537105280807073
1424,0.8762506915628037
5102,0.3687050500874698
10727,0.7189754403964503
6310,0.32166775316359414
5319,0.5173286888336903
4014,0.29797173294730245
3476,0.325921387659386
2088,0.9390341090922542
849,0.9454876253364978
4089,0.7044378138757265
5063,0.4797153261482428
2945,0.7974763403620634
2751,0.9266695885609878
2180,0.9292173485131932
7965,0.3467996939622406
4091,0.4637278170448707
9258,0.4694798705510245
7404,0.49898605695471504
5207,0.36630265799887674
8415,0.3172454330879825
10701,0.5605371921067299
3773,0.6047487892038
658,0.9360276187121219
3147,0.4936512284440778
2887,0.9531057780887494
9953,0.6135847960629696
899,0.9345658401266105
172,0.9447786978781498
2517,0.9463313734550636
5312,0.25602076600931223
7279,0.31337809146927026
2985,0.947061963096273
8733,0.5707484649147636
5630,0.3977455771643725
8356,0.5796213717992086
9273,0.30446866412090773
9942,0.7535479192864901
3653,0.3669364662577723
8670,0.527541088422897
8767,0.4678039745240971
6502,0.5173754493196896
875,0.9360470079519241
7708,0.46994645636735055
6915,0.4881257560103605
1348,0.9332567601959759
3293,0.42144884980309555
9544,0.4038604725544412
6324,0.4354287137302347
3757,0.6507001091822088
10908,0.6030036263986683
6260,0.6196606516656633
8164,0.2789102445461715
7311,0.5057148033383545
6774,0.4277139236135881
7985,0.4972766670669432
8489,0.5575333710777812
70,0.9217015278909764
5612,0.39442668660437125
402,0.9371438036113849
1306,0.7381042148524064
3881,0.3890887792556552
10303,0.42660105238340423
2068,0.9464524539125645
10320,0.6731174013251625
5582,0.5375363611481933
6873,0.5960067196171471
9584,0.46488772532036976
3214,0.3718778751396313
5670,0.6760856447016075
10975,0.5771251320729123
4990,0.7937963647963491
8690,0.5632613133374506
8869,0.700923535325023
1487,0.6562358310276748
1840,0.9168468284021822
2148,0.9339869875589477
799,0.9207028004179427
5094,0.4261676803961001
6305,0.5228631155647
10017,0.6053157535355446
6218,0.4185960727815075
7383,0.43339166675527485
1477,0.9287232990769937
2998,0.642050326925911
10212,0.4934559441623314
9932,0.5367304090142019
3870,0.7471037163895192
10289,0.40387175191419533
5900,0.3178181725219643
3369,0.4730628747731273
5808,0.4238653192745346
257,0.8805484418199867
8736,0.47156687492889804
529,0.8727185881284204
8094,0.32551269593215615
333,0.8709822338301505
1985,0.9392819877178853
5302,0.41749392534014695
10373,0.34540308439740547
9389,0.3683658812690021
9479,0.3676798357584425
5442,0.352111279230791
4736,0.3192844414845491
10497,0.4432979874436144
1281,0.8822196055867805
4087,0.7564219962135783
1834,0.9275379126162236
10448,0.3794637630165334
9264,0.4738897425663181
9611,0.3873347680608745
1729,0.9379756310295689
4834,0.3045346620875418
25,0.9290835926099239
6790,0.4449014499006309
6795,0.5195638870610181
1061,0.935170997765335
1132,0.942948063063069
3015,0.7953493831882932
3730,0.535455238216997
4888,0.5190719830349206
1566,0.9363400422411067
7051,0.5401184079555932
8339,0.46708283238676207
8636,0.41498029455757807
3799,0.591493479517246
7633,0.5814894333068515
1260,0.9084364176248954
1312,0.9446346820800315
3838,0.4601318121592008
500,0.9492317346561338
7735,0.4820311545669388
3484,0.3787741803203533
3618,0.4971757416384431
2496,0.9321507501623911
7114,0.42655221895015505
803,0.8394823896244754
4015,0.5392201138192801
8330,0.2719419223508777
1276,0.9401624580979498
6379,0.3996526364410067
5598,0.5145628405716859
218,0.9517692911196189
4824,0.57799406899588
7515,0.46362473963997464
470,0.9416183150378433
9229,0.6042323669685845
37,0.9049011379640212
7488,0.5898600301447728
8139,0.4155815307718116
7836,0.4464887318969502
3939,0.31431901508819937
2663,0.9312131421842204
5490,0.33951355006574235
4838,0.5180801877052175
4943,0.32819902617287966
3329,0.4803092274940648
2958,0.9372405582958918
3651,0.4828359870268753
10538,0.37635665764123494
6821,0.5951728183108851
3413,0.7174137823130345
5884,0.3455797321684301
10848,0.40003004007227005
9596,0.3622745167521337
3608,0.43509516929424774
10084,0.5847890764748166
1392,0.9289490175583301
4231,0.39337659749859527
1819,0.9443395048749732
5015,0.7408648764726478
10232,0.35839064065890597
7720,0.4595680523820257
8927,0.8044172366357176
7450,0.715091559172042
9175,0.4169233845431691
8201,0.508403354352669
3569,0.46241221167186575
526,0.8234919626250318
8548,0.2978090217559776
4698,0.5395349100908818
8295,0.2982184754464023
1541,0.9204770791193546
5862,0.3664885352462153
1043,0.9315866043879115
8700,0.3581321541582057
9857,0.691388048338237
6666,0.7563850332972617
5198,0.5530472390199163
1377,0.9168410004169506
3031,0.9368252516706986
3964,0.4793859778977604
6677,0.4268135779327588
8278,0.38715915468480827
9848,0.5350325053763205
4890,0.5245743892215978
6556,0.47633387244214104
10469,0.6698904705359431
3635,0.46055664129139695
4928,0.5716946468545974
10519,0.32275530134939023
4559,0.39723257207571844
4519,0.54063796461669
9329,0.562487879478649
1868,0.9323930004194606
7810,0.39675972342124205
2604,0.933238012165918
6286,0.3137738838231559
213,0.8026240795347506
9502,0.4770314409962156
7626,0.3956352501846693
8025,0.3040263973169559
3382,0.5045104391682034
6986,0.20849455410939888
5072,0.4114980925220104
98,0.6917225545264941
4623,0.28810635954696123
6171,0.5238699494771821
2922,0.8751107002653391
4117,0.5014591810055098
3208,0.4048388674055781
7191,0.47611885408286175
4211,0.30876242925385283
3112,0.9343517182041547
1434,0.9363282851631151
204,0.9415725509550923
8248,0.6150010519340072
1288,0.9295941411756086
5085,0.3743157993155412
5200,0.5011229948285558
3086,0.9341166939839829
605,0.939361998561128
7556,0.40535928314335506
1066,0.9428583804561301
4756,0.5865622548525067
8570,0.46429563236649163
4204,0.5603156548518855
10211,0.3783918205177125
4355,0.2856826259759324
2911,0.9372112386105301
8030,0.30304132346212126
10838,0.22195885915204033
2714,0.9295690973641798
2646,0.9372800658587803
5286,0.2884778765198059
6820,0.6189675037053164
643,0.9324936801055269
9342,0.2815128400157358
2730,0.9359813231461348
5618,0.3477867153398477
8033,0.41144743268679784
6297,0.6266493968580877
949,0.9374026001679734
7907,0.6438291836930166
8739,0.38817168004914676
9005,0.7093630643528991
10921,0.3494606292400833
2776,0.9242199595640016
8582,0.452845391650164
417,0.9288531226268018
3549,0.521550388132533
3004,0.9255065763910841
4737,0.3367992506662289
7561,0.49355743558084875
10656,0.5463885962328225
5199,0.46030004985337236
5432,0.3871350887179935
10591,0.40322523440461666
7837,0.5227958600717386
4561,0.5734189083680864
2826,0.9259047897553003
3777,0.37910356365494774
5195,0.5145041245134967
6413,0.36943658748703184
9346,0.27379996089894093
2210,0.9403582361297262
2267,0.916632061620446
5367,0.3978656925141249
3490,0.2884070682602678
10402,0.5415559499309754
6724,0.34913317543132466
1149,0.9401102188677702
7845,0.7238687844554996
9478,0.5415512125122907
1800,0.9204581820670875
3166,0.298120358609568
4251,0.435469599670963
376,0.9456518650229355
4866,0.33587740814028083
5791,0.5161153442540737
7895,0.2837359686738222
5586,0.45476608804816687
8183,0.5119300893128301
4443,0.39487014397056763
10467,0.8042518848549455
4991,0.635159966678818
5351,0.2796738285135111
6565,0.3546956071671151
5147,0.4357494006067855
5163,0.5073514592002644
9369,0.3769814975215714
2149,0.9200428209955409
3053,0.9285622406380453
1047,0.9418134887481716
8138,0.4670849421391252
10154,0.5310568566331275
10009,0.48147910052385434
6837,0.3926286495963883
6313,0.49069348206270946
369,0.940381335492901
8863,0.5863920317415594
10230,0.4828475141990221
6078,0.541623256694408
4121,0.4896939543418805
744,0.9311125454753167
1513,0.933398060648904
2351,0.9308726568234936
7739,0.5977680291595341
1134,0.9254766212822694
2091,0.9246689951691278
2173,0.9231276544410532
1608,0.9325941036731441
782,0.9349825611823781
2562,0.9307505413965126
9239,0.47047347145973156
7214,0.322227150379156
9292,0.3396208003853127
1300,0.9325310927295738
10830,0.4027277000782633
3206,0.3147551192427758
3529,0.42522016706623844
6206,0.41020162643951097
1357,0.9274106090320497
412,0.914122671982905
9400,0.2742932796133646
4120,0.4215386508125906
2208,0.9393933389371767
8013,0.47994770410188253
1614,0.6445605667453189
9626,0.29884396086353904
10183,0.23441516025175643
8864,0.312657602178584
6524,0.38877318434892616
2786,0.9238234494393491
9181,0.4871407414999129
3710,0.3166115740044363
546,0.928791999242563
9237,0.3657569090377617
6189,0.6129147388165521
10321,0.3506774383907127
7229,0.3818700259481013
10677,0.6128630211093982
9548,0.5720616133876858
5883,0.2780406249094756
1321,0.7555243139853712
8748,0.5466507985669989
192,0.8934069605468392
2140,0.9426508556010307
6633,0.6735775122964303
1317,0.8048392801879204
234,0.9407793849081892
886,0.9345218580195978
10854,0.4100881555962846
6090,0.2952915568143983
3718,0.3774022185503666
10726,0.5776353621313066
2774,0.9414879353655229
9511,0.40551657271058855
10438,0.42135568303663073
1808,0.9449126783840125
1638,0.9343592253038993
9868,0.5669162369577201
5945,0.5311967300501823
7020,0.5442636638769144
9396,0.6132609042639121
7953,0.6469034839459402
7526,0.4385696959017052
9660,0.6258089561890674
1298,0.9444346438981563
7422,0.24902700429922106
4459,0.4714462773296821
4778,0.3877897691025273
6501,0.422195703071393
8186,0.3992340030645696
1572,0.916630053025283
4024,0.6036936128964652
8973,0.5143310343542499
7327,0.3214139556920498
8204,0.39834233168834404
2666,0.9473033948827289
10624,0.5349222342734564
4309,0.2720852697363003
7770,0.46634190297206374
4425,0.4832913717684923
5166,0.4485682770218884
948,0.8590347632017734
5985,0.4332794077127263
88,0.9395347012865246
5976,0.6716066834458346
3533,0.5363373344961255
10690,0.43482449055293043
1170,0.9197482526827041
5148,0.48929323546166453
6151,0.5104596992389507
8381,0.38681730210967996
3738,0.7071484385009107
1374,0.9285063286452645
7753,0.5052004672520157
6082,0.3711208552011041
2665,0.8382376025218243
10947,0.6737692580388
1270,0.9345398733870884
1466,0.9099123136450847
4530,0.5224637648681566
3711,0.3219935650801675
4049,0.46771366983695245
6739,0.43765647118895745
3442,0.3256491046399652
8531,0.358481614323512
1436,0.7829857832854682
6032,0.5877125078102907
3200,0.6434109439259144
4760,0.3084495600970231
6519,0.38645182510381915
4439,0.4154284371884978
6442,0.5574442725527697
300,0.9384803104377953
10641,0.3615045512735348
4962,0.4591819741084969
3212,0.5285769406580453
6070,0.6754109088050333
8580,0.476479014886082
1806,0.9089796738265741
2525,0.9389187449047363
4143,0.4962708267766137
7313,0.33146083844613994
5866,0.6008441052565867
10609,0.5093940609511871
7850,0.3635646561872214
5027,0.576285129837995
8406,0.5357037401018357
6165,0.5992154746207423
660,0.8261456133127167
8796,0.4129669691773797
2356,0.9334453395729106
290,0.8953451903123314
506,0.9448319224094094
8519,0.3795233379658793
10395,0.39338803175454473
4554,0.43961860194689656
10410,0.560627770466295
4441,0.6157400458385184
7558,0.5590308984805576
1963,0.9348097582445231
5156,0.5896014830624634
9810,0.5396069804149158
9401,0.4929872713767543
7878,0.5171309157472036
2019,0.9470765755324718
1888,0.6866544458839354
4795,0.6130816995182072
5104,0.4819981555660991
7873,0.48613615530424986
667,0.9402583849857814
5449,0.3061926537030152
4221,0.4310859062346668
9856,0.4001588709947767
9867,0.7070215554376469
9380,0.2066709189314512
8794,0.44605736696564613
572,0.9307745595641778
4297,0.7094520425256212
6767,0.31458716128992065
800,0.9355880881946798
9772,0.2920640137479545
8737,0.4198829996927376
8811,0.33090801339735665
6468,0.5794255830326438
1108,0.9538124531559254
5746,0.541662046730492
6610,0.3158708434992337
6718,0.49877164758679327
5242,0.5747645243410712
4191,0.5609362591359538
9325,0.4747541977722522
767,0.9289611881527297
8114,0.47237656130511063
320,0.9250716691449482
5170,0.720159218506898
6864,0.6152311692005608
9563,0.5091375306209679
479,0.9370491242091105
3295,0.3924662770588631
1814,0.938116258996472
6470,0.6704321911511378
9467,0.6310776235599926
6493,0.7173480519875296
4811,0.5541229081106682
8968,0.3304123624449073
6811,0.4558282201156464
7913,0.31806909050519677
7079,0.5219512305208579
8120,0.4376987733647967
8305,0.5788124611494734
10634,0.5753576878875003
5447,0.4233488615616508
5877,0.3985596098989986
2771,0.9318160767339584
3812,0.46128215560193186
10314,0.30455363115443096
5469,0.5677771872762459
7860,0.2823812874461074
1039,0.9269654032145241
7614,0.3986877079480413
3109,0.9297121179614309
5401,0.6059149524722492
5108,0.410487044012873
4653,0.494114253404417
2352,0.9293138578004285
10476,0.4087528906421918
3649,0.2928752201454893
7446,0.5091357920806213
1498,0.9292954025164706
5909,0.2936564259354539
4008,0.46419706118912984
415,0.9484281357148705
1666,0.9377854914557028
4740,0.5060119329231615
8660,0.24283094287976242
3875,0.4851873922793969
8839,0.4857263729783845
10370,0.5115616274272484
4447,0.5820796990969507
4115,0.5875199431362148
5510,0.5908673261202053
1905,0.9418184180553334
2258,0.9311281596754265
4315,0.222849626953868
574,0.9179760116109177
4925,0.5990896750907326
6570,0.6683889299900913
10605,0.21874545541194249
23,0.9143663849339828
9553,0.43586561311550287
6498,0.7880597928723306
8037,0.7594528388016363
6152,0.6989430888064473
10196,0.8071878136052707
8128,0.4495207168255643
5800,0.21211299377164952
6215,0.30873825643041997
2412,0.8715477595113195
510,0.9267306676241323
1933,0.8803886583167579
5231,0.42724232791114736
6750,0.45727694917381345
9781,0.25234657200266863
9819,0.2985422611753161
7894,0.5364731061603756
8413,0.29886693528358393
10614,0.4994634645710676
4415,0.4975571814707572
1718,0.9475736903083973
6325,0.49347486215607766
6725,0.38363577555173434
159,0.944101889305817
5760,0.3627122740062163
3235,0.5242648769196477
9841,0.6801524870860802
5624,0.2928083205024966
4542,0.5935041824953623
1282,0.9414675052565064
10259,0.612494602054809
10487,0.2549441834375879
2648,0.9345160830309531
7876,0.39367053635283256
4476,0.3402442156577213
9180,0.5932212892727209
1451,0.8300855283865587
2976,0.9254315988687857
3715,0.6181762000204113
6984,0.5753947302014718
1227,0.9459314314727332
2349,0.9301151979668635
8107,0.49043566901285435
332,0.9349113455326193
8749,0.5721092109594361
2548,0.711588626320048
1953,0.9301693160655119
7293,0.35111818671155154
6736,0.41390357143267303
3845,0.7054297414561116
4193,0.2821758738417811
7172,0.5312657139227814
2071,0.9483886551105905
5460,0.6572652995264928
9920,0.440950072349036
5328,0.34159667103381025
7009,0.6878944328263856
216,0.8491051328135196
2300,0.9297161796220381
3481,0.4264497459891861
8152,0.5477581103334572
1151,0.947537782314774
1485,0.9559980828670329
10717,0.620984710010866
2707,0.9398260222737256
5220,0.5375565145678508
6457,0.45878443751229736
5762,0.4852691608182177
1412,0.5138302996062694
4564,0.651754846985756
356,0.9441820882224933
4863,0.6365314773190043
3658,0.4382033590374154
6753,0.3451183778108814
8089,0.5906629737805358
5838,0.31927970895116903
7973,0.33944172248824306
4385,0.5622762458046293
2249,0.9265241660933056
664,0.9186271139520339
6595,0.583091937074712
6802,0.5537494419895038
6252,0.6172217216163598
599,0.8266428734014475
7879,0.43097025009135465
9906,0.5447908907486945
9488,0.42880658432049396
7856,0.37344789012693713
904,0.9273291531941308
6162,0.5569887983341661
6574,0.8630838711135751
8540,0.4963926671322095
256,0.9320011517458131
8529,0.5695668812736845
6266,0.8313210546265264
5277,0.4245200303266679
3215,0.3032122643058806
8242,0.4886215748401127
96,0.9403517386607327
43,0.9444949321328484
3307,0.7537202391087335
2900,0.8618561395069687
9822,0.3957153159784334
7690,0.7260697242457824
1555,0.9284761688237354
9872,0.23354928044533146
9883,0.44647129727866947
8036,0.3480552870395855
475,0.941129684821435
4628,0.4453206616413861
3876,0.4883656668329829
451,0.9285366507544858
2838,0.9313002011820707
8647,0.6169371919381649
2653,0.9425441300853975
2566,0.937241349445086
5266,0.2882916669059183
2977,0.9354348166699875
9223,0.3716862911908413
7188,0.6782050425513726
8577,0.46009001090991114
267,0.9400441427852169
2871,0.9444476731942079
5986,0.5057369223919174
7119,0.40966420265580755
10399,0.4183964388539983
3981,0.3409130259807252
1686,0.9243103136042534
2049,0.939210828112654
7431,0.6071642305487441
8743,0.5524744207727621
10555,0.6431842733633268
9376,0.5545155197703013
1836,0.9426327675378918
10238,0.5154996339008693
6509,0.5248122445290567
4103,0.45351720116404004
5867,0.438229766609665
3047,0.944788921074902
7003,0.3272051585148416
3133,0.9475875332020556
4414,0.6885094502032556
8728,0.2859270221483354
4363,0.5077947292429567
2773,0.9289082442592493
10765,0.36395307391869997
7011,0.6205679241914536
6955,0.32110182657905845
6522,0.4564568150916907
983,0.790965596931125
1499,0.7443046522129935
5949,0.37768567451654705
3829,0.7221357563413532
2193,0.9347112879490554
10640,0.3628790579131062
9110,0.6721059929058325
2402,0.8085369314806858
2552,0.8565684460731596
173,0.9315924784693623
8953,0.3850826098504492
2527,0.8554382833374587
1550,0.9251794513721948
4550,0.842164924259784
6417,0.5903079735358224
9323,0.5827617841393097
2318,0.9362029531133946
10214,0.41763546343861485
3837,0.5604374646303353
2023,0.9346192825972183
3240,0.665808348451545
1062,0.9306163641663907
1423,0.9340769382646205
3834,0.45526002785191255
1761,0.9339982756605438
5214,0.5645513277682166
1838,0.9217782021688173
7116,0.4354779880339091
4590,0.6307177832021059
10882,0.5821062209885945
6911,0.4610608003218814
7529,0.35272031715573793
8422,0.4004328605420104
3011,0.9264446964572601
330,0.9305110928566614
6114,0.2410928936769908
71,0.7893670658249284
6794,0.49013748125446077
9915,0.522743829006768
10611,0.46702437804801844
8144,0.39800623418679704
2831,0.9391234639189143
10126,0.4681146392262958
4404,0.46260822597295265
4469,0.3944006411708545
7305,0.4839688879894751
8883,0.5605758778852956
5006,0.4932318373483068
7187,0.4262853190271836
10295,0.4790102849480875
5660,0.19833330642326846
5774,0.434603365867413
6756,0.49172040344875967
7745,0.7886627974816384
1916,0.9256265833077529
995,0.9460732424351302
6381,0.5586077859606097
916,0.9184999672736315
10291,0.28573296096861794
7204,0.43104922535935397
3117,0.945628601758623
5285,0.30140235355612544
6983,0.5504263717211826
6253,0.3199882882796101
5461,0.46183197901574125
9436,0.5016043237825301
5061,0.3478928485914803
1168,0.9403128693735567
9739,0.6781623085326823
2244,0.932715595613436
2185,0.8516800363913613
2170,0.9374939584335003
2408,0.9335087260727991
337,0.8076689737007687
5739,0.666519758685953
7184,0.7613196564043929
6599,0.46107520234634836
1179,0.9189288819749952
7728,0.5437073968279486
1494,0.8836583390595347
4511,0.37508791581493833
10020,0.5176970069910988
1104,0.9239042361872263
5888,0.4384531286028062
10777,0.436384796782219
9482,0.4723702642193048
9071,0.3935109826516267
5112,0.4370542359777859
8250,0.5264584867781442
8520,0.6542991408489492
6639,0.7381268315803012
7660,0.41473818516249983
8374,0.501591982250628
3457,0.364416757893871
4714,0.5537989007192406
9862,0.5502826263707552
6978,0.7123292408825971
201,0.9485112971375289
806,0.9160885420975224
8656,0.654748939294103
10831,0.47161776813261924
5257,0.3783717067096358
4074,0.571024098739533
6235,0.36230881552460326
2297,0.9351601730395035
9888,0.4214785106409248
10512,0.22482969174421982
1111,0.9324124111724987
5916,0.6941395931985697
220,0.9385027258146651
5523,0.5679347143083188
1923,0.9339093435518584
4340,0.4597338851865258
7337,0.2889962539296641
7797,0.48135864312149695
9413,0.7266203372991958
6238,0.4508929154617456
1875,0.9309249952891777
7987,0.380554192288302
1856,0.9195858900960275
3441,0.4183813138334825
7069,0.4959945137451649
4845,0.3055906168023509
7781,0.489284888243837
7483,0.6949279563820739
8612,0.2999443466970262
7647,0.5171336602667449
5113,0.32254386760188924
632,0.9423379837624021
1486,0.9203036181570413
9147,0.6818533867194696
5583,0.48488828556067354
2099,0.9394130453810917
5713,0.34084484383046976
3332,0.2839142605578406
3436,0.3373646674818686
1294,0.8624019034082739
4067,0.3746864038246701
4173,0.5833568555178036
7622,0.7455577053648661
4860,0.28261085380841416
9,0.9515313199716029
10988,0.7322546189382817
3616,0.498698315829141
9201,0.40157688785210055
9196,0.37105876807567706
10668,0.485449088043926
9727,0.5870182777498731
1013,0.9479798525265546
4856,0.4392525569847715
7514,0.40790589489223367
5718,0.3453602104741547
1672,0.9307843443318311
5772,0.47936080842427625
142,0.9288235394357337
585,0.8695199814268005
9562,0.42296997353088855
3950,0.42213171418685613
3470,0.5039357022315808
8956,0.42522297245386065
771,0.9514215657556767
318,0.9385374101618156
7205,0.7995744595862135
9283,0.47364186826770477
2898,0.9442618244234078
8088,0.3795430509676621
2479,0.9431067501954793
1135,0.9325208137682066
2282,0.9386631618532866
9163,0.5590624970384207
1027,0.9344672478566817
9574,0.4896763894619464
7897,0.3769928392571905
8041,0.5739551734495988
2370,0.9290484980689001
5608,0.49824410981690076
5067,0.5326890630741705
8233,0.24828504557078407
1345,0.7654792666246923
7829,0.3432277408132563
5204,0.3167692939892243
7162,0.5439623993851644
7038,0.5846024319704545
821,0.9487112153499005
1930,0.9355998002710711
5667,0.4496975563347402
3090,0.9452824925170046
819,0.9445328390169968
1878,0.9408943178602749
4681,0.4965624264931212
3399,0.30158255971667514
10188,0.6436783932552739
5832,0.4898032876191503
8292,0.4677258743631746
1501,0.9398358079201717
4065,0.5754941116079225
7352,0.4057124862019933
608,0.9412036886881854
8133,0.45125500786814204
4344,0.3863182731590776
10236,0.5284301925330356
5446,0.2891001044712888
573,0.9394773011437841
593,0.928272183343407
5652,0.5801041926552931
10826,0.35435540687145156
7027,0.5921797586868047
4748,0.48388179391139624
5863,0.33184193834923476
9489,0.392182067233478
10566,0.20449583697807958
3300,0.5735091474439685
5488,0.5943375293851593
4295,0.561786231820495
7179,0.4309012284070387
4179,0.28418528006415017
9946,0.7557665781321306
913,0.9362450472831697
8072,0.45934304450012214
3544,0.5727336767253608
8901,0.5718322001159729
5425,0.4510890633561163
1206,0.9242772970692358
5817,0.40221583754970497
6994,0.5645040648211479
2288,0.8225492420556144
8584,0.4747269170317133
1041,0.9425970656071002
579,0.9190318268006359
5621,0.5769842726698874
3664,0.48652794498455015
4923,0.5857958533110895
4207,0.6388283700764537
1098,0.9408003716852936
10982,0.289074073638967
1019,0.937123627040519
6568,0.3747483897439911
4095,0.5018420629776809
9226,0.5498496814379411
6465,0.3194302801527016
9897,0.4315094359959707
5208,0.46123604080553776
231,0.9429114581318218
9191,0.4597318325564888
4214,0.30623535110057737
3491,0.47625112178408363
10096,0.46115966029888883
8016,0.4050902950213801
10100,0.4026007131320248
3835,0.5393690391120254
8426,0.27968412286227223
3183,0.5822377641207853
648,0.775852183269197
615,0.9446098245545732
7763,0.3855972774125301
10565,0.45784945170122965
1649,0.9457753641913454
1650,0.9268689474828447
5835,0.3702963421771659
7373,0.3941215984906528
3626,0.559429047205462
8021,0.3231909516410674
8268,0.5707925963081524
8918,0.5112196358479902
8458,0.3130848293898532
4031,0.5741281937136544
4591,0.32400362488576073
7960,0.6812369151002732
3110,0.9287670234154753
6964,0.3698793872103475
3480,0.6284994747897392
8500,0.3448093810922395
5776,0.412078315163338
2514,0.89532579086437
3414,0.41198183417544526
6341,0.31334202893721447
3058,0.9400852595932327
4482,0.616339395091675
6833,0.3873178492233401
2679,0.926814272700536
6642,0.2687502267880064
2232,0.942168119113877
5958,0.44382316334155875
2616,0.93915653577554
261,0.9404766197720293
9402,0.7043460500293973
6780,0.6333480612068222
5995,0.6499463303729116
1961,0.942303783790867
7039,0.3750223526228546
4901,0.25585197839283375
1689,0.9489598616337153
4625,0.33776288565253254
4529,0.3793950180355063
3187,0.5524662609365655
8200,0.314147827854292
1389,0.9400931890939495
6705,0.5164315230901284
1692,0.8307121793764045
2779,0.938394816889223
2628,0.9345643649450195
4329,0.584313942208538
6279,0.3644524314177546
5690,0.4487946928056653
8320,0.6566048461392587
9139,0.784823836753126
4774,0.49840674580300176
53,0.9466557669242103
8539,0.4013691055444463
10815,0.534908359739762
832,0.8329680906252801
262,0.9341755553131927
2015,0.9405059046498203
3030,0.9310519953515168
2201,0.948022733784426
10620,0.3712088382235123
826,0.9380523483575043
1708,0.9395934695470157
6015,0.5098362329862438
6010,0.4068697507573857
4279,0.5706928675996855
2787,0.9173277725654153
2813,0.941145400360535
7661,0.5431580176459659
8263,0.3221379082251537
6596,0.3871077349726765
5906,0.44206010598763296
6768,0.3458769923910449
2935,0.9404768079118944
1090,0.927581092316265
1595,0.9422463189507966
9256,0.46430515768454245
8525,0.3215468856570152
10019,0.49247547898525446
8358,0.6455088690449122
6770,0.2711604982667903
1452,0.9388437437376866
1569,0.943508797656264
4046,0.39549642246086186
4497,0.517275470851975
4001,0.31189343447588913
2216,0.9439394333653861
5121,0.5982138350372083
8653,0.44729650586514796
2024,0.8536319240357245
2625,0.9492339776870434
2338,0.9272884455869628
7469,0.5010638780775436
7267,0.6977896209427116
2001,0.9367386449510203
9996,0.5499239669115055
9806,0.4547954237938791
4769,0.5585655653449557
6743,0.4426704699103237
7218,0.5717866225934614
4909,0.539285154679159
8241,0.5334364881526737
666,0.9288389363169478
6775,0.29557651671833496
2228,0.9357373636675322
10368,0.3704778955319423
7460,0.34962363093253307
5245,0.7371763187526253
2055,0.9425891415050212
1740,0.9125122793919445
1308,0.9333210090063508
3094,0.9394304410574742
7629,0.3610475800257457
5604,0.36720420217201777
3077,0.9369953072141968
4762,0.8873475928047442
4903,0.23055260285497367
2808,0.9249441048794648
9956,0.32466907783488985
2819,0.9136010163985682
3254,0.4363858340636645
1548,0.9357540848827408
8524,0.3275361213619493
7544,0.430397092601067
3397,0.3931428869714611
4867,0.26162323835459156
4431,0.3790213128454729
7247,0.2759379831674178
6936,0.4504449073702006
401,0.9213400770506088
4390,0.47295203294998556
6356,0.5716286590629549
7257,0.48401640224638914
1898,0.911873953773125
3551,0.45865334215436443
2321,0.9332668768640136
7831,0.3308497035485893
6328,0.520545535959982
4175,0.30598577052159537
10121,0.3494193781255677
10185,0.4783050786260643
3122,0.9347715451194422
5451,0.41042513311813505
725,0.9345114006281929
10769,0.5995833168644291
7892,0.3580115254451623
2315,0.9410663333220751
5934,0.5311604852016583
4006,0.4201103648916878
6050,0.39641382445909057
4600,0.6777688202927585
2036,0.9424009492864589
355,0.9188263217412153
9510,0.2682230173363021
4823,0.30486689700597086
9972,0.49467186923759887
6246,0.42245057101786326
2796,0.9426498139894737
9249,0.5309816493512126
614,0.9414770178977003
6053,0.519720599598907
1007,0.8348077179318106
9722,0.5296267818760161
9541,0.40481255454162995
6344,0.5651710075778503
7885,0.33340442104760293
5335,0.29485858140822907
4587,0.39278316396169993
625,0.9273726274310385
3364,0.576877837834179
5448,0.5744324765668836
5026,0.6990095455821866
1688,0.9215742432341137
4053,0.3276909457384122
6517,0.649204209001538
9341,0.23704266552629322
3848,0.4588147690405005
1109,0.9283257795931751
9326,0.39212151900785697
6202,0.42263296458067806
3516,0.5973681817475213
7077,0.8145054919775586
